#{"t_start": 1669935032.9009788, "env_id": null}
r,l,t
2,862,1.647194
-4,562,2.168739
-5,452,2.571003
-5,568,3.099438
-2,1021,3.999032
-5,421,4.383579
-4,726,5.087845
3,661,5.675095
-4,653,6.292421
-4,518,6.750212
-3,621,7.313412
-2,739,7.977935
-2,691,8.595284
-4,779,9.337621
-4,743,10.070067
-1,1364,11.355711
-3,811,12.094809
-4,828,12.887401
-4,556,13.435079
-3,667,14.043075
-4,598,14.586336
-3,640,15.158283
-5,407,15.525282
-2,1066,16.473663
-5,588,17.004025
-3,747,17.67557
-3,741,18.346509
-3,642,18.940929
-2,850,19.783203
-5,432,20.19211
2,763,20.966405
-3,743,21.771253
4,684,22.505371
-5,551,23.039026
-5,413,23.448928
-4,552,24.008046
-5,781,24.866633
-4,734,25.548786
-4,891,26.393199
-1,839,27.151793
-1,987,28.090931
4,552,28.6052
-3,686,29.32347
1,809,30.087231
-5,515,30.569226
-3,704,31.215888
-3,635,31.787596
-2,671,32.376023
-5,547,32.855738
3,639,33.443622
-2,728,34.123565
-5,443,34.51851
-1,1116,35.570591
-4,559,36.098708
3,787,36.81867
-3,708,37.463171
-2,860,38.25917
-2,1002,39.173756
1,1078,40.14283
-1,841,41.011311
-3,680,41.655763
-5,517,42.121517
-3,980,43.019186
1,783,44.042106
-5,459,44.521469
-4,695,45.239391
-5,433,45.675449
-5,443,46.105572
-5,416,46.481566
-3,938,47.330078
-5,679,47.937451
-3,650,48.50593
-5,618,49.064501
-4,518,49.571209
-5,715,50.207837
-3,680,50.818755
-3,968,51.677989
-1,956,52.559197
-2,982,53.438976
1,993,54.315649
2,755,54.998821
-3,665,55.595516
-4,582,56.143546
-2,801,56.890199
-1,843,57.671414
-4,542,58.204426
-2,924,59.124616
-1,937,60.000357
-3,615,60.542905
2,777,61.323689
-4,500,61.788286
3,636,62.375715
-4,595,62.924593
-5,739,63.611197
-3,744,64.298725
-3,598,64.890629
-2,922,65.724844
-3,725,66.391546
-1,895,67.178441
-1,863,67.955914
-3,631,68.559946
2,920,69.407778
-4,593,69.944309
-4,475,70.375256
-1,896,71.198388
-1,826,71.96057
-4,480,72.383438
-5,381,72.72332
-1,780,73.402504
-5,644,73.984946
-4,729,74.63309
3,706,75.284681
-5,538,75.762404
-4,528,76.227161
-5,655,76.832002
-4,600,77.420126
-4,558,78.0952
-5,570,78.651635
-5,398,79.005868
-5,374,79.332993
1,841,80.095288
2,953,80.938692
-4,709,81.560008
-3,768,82.256542
-5,660,82.889669
-2,1046,83.875428
-5,454,84.272364
-3,692,84.928979
1,1008,85.877167
-3,627,86.453773
-5,435,86.841233
-3,626,87.435374
-2,721,88.107744
-4,554,88.595439
-3,630,89.171839
-5,427,89.552821
1,981,90.427056
3,573,90.938382
-1,835,91.709511
-4,551,92.21495
3,693,92.922772
-2,732,93.637921
-5,440,94.577337
-4,692,95.080125
-4,681,95.595032
-3,695,96.079391
-2,924,96.723629
-4,710,97.214929
-3,632,97.673433
-3,676,98.156123
-3,937,98.800237
-3,743,99.313895
-3,600,99.737466
-3,628,100.194853
-5,536,100.58328
-3,786,101.147884
-1,798,101.732651
-1,860,102.344588
-3,582,102.75393
-4,607,103.189903
-5,491,103.564743
-4,502,103.931038
-4,604,104.364732
2,857,105.047409
-4,703,105.691531
-2,790,106.359369
-2,823,107.105152
-1,914,107.813153
-2,1042,108.534854
-3,718,109.075553
-3,619,109.512205
3,881,110.140664
-1,1027,110.865468
-4,477,111.210629
-4,714,111.732169
-3,768,112.257568
-2,676,112.718357
-3,756,113.256725
-3,729,113.772464
2,667,114.254863
-1,960,114.945614
-2,819,115.526885
2,731,116.02823
-5,527,116.404679
-1,1148,117.24172
-3,566,117.646338
-1,1114,118.400326
-2,1049,119.153242
-5,524,119.563733
-4,780,120.115544
-1,974,120.800011
-3,709,121.302676
1,852,121.95799
1,1019,122.827099
-5,472,123.239709
-2,847,123.900989
-4,669,124.375717
-2,904,125.066449
-5,418,125.37364
-2,888,126.05222
-2,658,126.640177
-3,613,127.133799
-2,858,127.738689
-2,747,128.264507
-4,648,128.731805
-2,917,129.485486
-4,498,129.84866
-4,600,130.283514
-1,754,130.810073
-2,883,131.417305
2,890,132.057852
-1,840,132.637623
-4,641,133.099438
-1,761,133.612065
2,778,134.170939
-3,637,134.611027
-1,817,135.18389
2,817,135.758615
-1,1111,136.513859
-2,711,137.021456
-4,520,137.396614
-4,695,137.896397
-4,583,138.306866
-3,674,138.78848
-3,808,139.369554
-2,688,139.868359
-4,846,140.478592
2,762,141.05315
-4,575,141.493154
-1,1005,142.241511
-2,769,142.792375
-2,867,143.394509
-1,853,143.996175
-2,928,144.634341
-1,776,145.189267
-2,790,145.758878
-1,910,146.414924
-4,567,146.812112
-5,448,147.147295
-2,756,147.706678
1,877,148.340614
2,904,149.004265
-4,559,149.502809
-1,824,150.286711
-5,464,150.708585
-3,672,151.320059
-4,585,151.839732
-4,578,152.442637
-4,519,152.984514
-3,742,153.646481
-2,818,154.399045
-3,593,154.918655
-3,566,155.477504
-3,564,156.004378
-2,874,156.951012
-3,595,157.624677
2,761,158.411459
-1,863,159.40608
4,590,159.989263
-1,951,161.009748
-4,684,161.755372
-2,756,162.586905
-3,864,163.444616
-5,357,163.833107
-2,873,164.7979
-3,721,165.540392
-2,726,166.306484
-3,654,166.969404
1,739,167.667536
-2,682,168.295855
-3,743,169.007952
-5,559,169.59848
-3,788,170.364431
-5,472,170.871654
-4,1008,172.01816
2,902,172.968308
-3,695,173.668815
-2,768,174.42171
-5,527,174.932425
-3,704,175.617605
2,718,176.339661
-2,837,177.168443
-2,929,178.140842
-4,570,178.72431
-2,811,179.537653
-1,856,180.438274
-1,739,181.196085
1,829,182.006385
-3,574,182.601158
2,854,183.453691
3,696,184.116871
-4,660,184.726327
-5,421,185.117281
-3,781,185.8204
3,724,186.506779
2,891,187.343913
-5,552,187.828618
-4,556,188.331274
-4,519,188.818301
-2,840,189.622652
1,892,190.452748
2,863,191.218724
-3,662,191.80952
-4,471,192.229397
-4,619,192.769949
-4,492,193.211463
1,865,194.021084
-2,906,194.93662
-2,857,195.719821
-1,839,196.472715
-4,617,197.044319
-2,741,197.703582
-3,640,198.271159
-3,695,198.896484
-5,385,199.235577
-2,738,199.876864
-4,598,200.417417
-2,775,201.121748
-1,833,201.885536
-1,959,202.744608
3,676,203.347996
-2,988,204.217669
-3,547,204.695839
-4,575,205.299553
-4,701,206.020622
-2,759,206.718396
-1,898,207.595706
-5,416,208.01325
-5,448,208.451702
-4,716,209.274762
-5,660,209.92683
-2,734,210.676276
-2,713,211.323304
-2,716,212.00044
5,601,212.557446
-1,1020,213.499062
-3,700,214.125386
-1,732,214.778151
-4,717,215.443703
-3,825,216.223346
-2,762,217.037391
3,695,217.866552
4,622,218.521601
-2,734,219.256071
-1,769,219.945975
-4,564,220.474187
-1,836,221.412497
1,1012,222.439115
-5,441,222.850543
-1,832,223.601537
-2,752,224.343031
-4,780,225.12905
3,686,225.836053
2,854,226.76343
-4,600,227.410734
-2,707,228.184956
-4,460,228.682825
-4,614,229.347605
2,806,230.215311
-2,779,231.020598
-3,645,231.619993
-1,777,232.332481
-3,668,232.94064
-4,699,233.555984
-2,894,234.382912
-3,680,235.04941
-4,486,235.501775
-3,665,236.114028
-4,583,236.634636
-2,726,237.409992
2,784,238.198207
-3,692,238.913758
-3,541,239.435863
-1,920,240.380211
-2,981,241.285496
-3,1060,242.359463
-3,579,242.869092
-3,869,243.685087
-4,608,244.223647
-3,564,244.727537
-5,371,245.073236
-1,926,245.932009
-2,802,247.111425
-2,685,247.579173
-2,946,248.225119
-1,863,248.806564
-1,1005,249.51263
-5,497,249.884509
-2,751,250.409971
-4,630,250.870656
-5,648,251.368464
-4,544,251.753391
-1,843,252.371737
3,708,252.934254
-3,890,253.587378
-1,896,254.267313
2,869,254.885174
-5,506,255.239226
-4,507,255.592275
2,851,256.240242
-3,680,256.735606
-4,614,257.160293
-4,623,257.595772
-1,905,258.231615
-1,907,258.886021
1,827,259.458115
-2,671,259.923637
3,683,260.404665
-1,902,261.028954
-2,889,261.631342
3,645,262.077151
-4,516,262.440902
-2,712,262.926346
2,708,263.463659
-2,839,264.075185
-2,872,264.708843
-2,724,265.247852
-3,622,265.687715
-1,1043,266.437811
-1,909,267.055859
2,829,267.658517
-4,489,268.018533
-3,669,268.523729
-4,535,268.937034
-5,499,269.325289
-2,685,269.808357
-2,798,270.417758
-1,987,271.141953
-3,722,271.646704
-3,668,272.119974
-1,837,272.706599
-1,895,273.334583
-1,831,273.90435
1,925,274.585449
-2,887,275.223089
3,629,275.681348
-3,632,276.152453
-1,881,276.7798
-1,840,277.372684
-5,507,277.742829
-3,698,278.250399
1,930,278.912626
-2,721,279.421038
3,551,279.811284
-2,823,280.410943
-4,530,280.776127
-3,637,281.222461
-2,853,281.836483
-1,853,282.427148
-2,763,282.962817
3,785,283.54034
3,727,284.046163
-1,721,284.55565
1,787,285.149729
-5,578,285.578137
-5,473,285.937987
-3,678,286.431758
-4,518,286.837555
-3,734,287.362688
2,711,287.861326
1,842,288.454104
-5,525,288.809153
-2,762,289.512182
-3,695,290.002697
1,938,290.648583
-3,771,291.187376
-4,566,291.567846
3,624,292.017527
-1,829,292.588999
-3,647,293.038547
-2,655,293.47811
1,829,294.056286
-4,826,294.648379
-1,820,295.220053
-2,881,295.826431
-3,594,296.241547
-2,798,296.788983
-4,642,297.229168
-5,636,297.666499
-4,783,298.221925
-3,743,298.743405
-3,745,299.280058
-5,530,299.799984
-2,705,300.457803
-4,600,301.081949
1,865,302.074666
-1,789,302.769807
-4,487,303.200655
2,812,303.913748
-3,694,304.525694
-1,842,305.28669
-3,592,305.807299
-4,510,306.265731
-2,674,306.905645
-2,771,307.623746
-1,979,308.82283
-5,490,309.28357
-1,834,310.017608
-1,963,310.892848
-1,779,311.614183
-4,567,312.121896
-3,680,312.725282
-2,901,313.530651
-5,387,313.87605
-5,439,314.268001
3,606,314.80356
-3,699,315.441364
-4,608,315.978928
-5,402,316.332979
-4,855,317.158956
-1,936,318.032541
-4,624,318.595168
-4,562,319.107744
-3,572,319.705962
2,868,320.499179
2,960,321.42136
-2,814,322.21616
-2,689,323.033389
-5,436,323.449876
-1,825,324.188923
2,759,324.919325
-3,684,325.532346
-5,447,325.961002
2,786,326.668403
-2,753,327.413033
3,634,328.038127
-2,706,328.661789
1,932,329.537751
-4,645,330.128171
2,840,330.908355
-2,947,331.817429
-5,381,332.158375
-4,557,332.688021
-2,941,333.62676
-4,628,334.24287
-3,727,334.92027
-2,735,335.607518
5,709,336.311401
-3,626,336.915627
-2,767,337.630995
-2,854,339.381984
-4,531,339.880367
3,596,340.40696
-4,606,340.93754
-2,720,341.576837
-3,622,342.136922
-2,786,342.831065
-4,580,343.339704
-3,922,344.171223
-3,896,344.986716
-4,676,345.652278
2,883,346.440462
1,920,347.277581
-1,962,348.149237
2,834,348.94344
-3,819,349.705872
-3,665,350.328758
-1,932,351.163819
-2,928,352.040135
2,797,352.741246
-5,497,353.179581
-2,772,353.85671
2,665,354.454115
-4,483,354.880972
-1,1290,356.025685
-5,627,356.578218
-2,953,357.440642
-4,544,358.010295
-2,870,358.829315
-4,499,359.302256
-3,631,359.861813
-5,557,360.381956
-2,661,360.983647
-2,1131,362.005087
1,771,362.692674
-2,825,363.412748
-1,975,364.342663
2,851,365.161978
-2,788,365.873853
-5,443,366.304618
-1,802,367.020728
2,747,367.690452
2,805,368.428686
-5,392,368.774739
-4,523,369.258072
-4,618,369.810594
-4,702,370.484818
1,890,371.266112
-3,709,371.901568
-2,854,372.681784
-3,948,373.591803
-1,927,374.414327
1,761,375.159851
-3,665,375.765194
-4,512,376.221971
-3,623,376.768846
-3,839,377.511691
-4,588,378.050394
-2,1056,378.999856
-1,790,379.714941
-3,863,380.611074
-4,495,381.160364
-4,610,381.73178
-4,591,382.308186
-3,704,382.978606
-4,601,383.508191
-3,687,384.121552
2,695,384.746494
-4,644,385.348814
-4,470,385.783846
-3,696,386.403525
-2,697,387.020874
-4,827,387.876179
-3,679,388.534013
-5,395,388.893281
-4,855,389.763193
-1,769,390.44276
-1,936,391.260084
-2,823,392.048452
2,853,392.900496
-4,577,393.675424
-3,784,394.237883
-1,1093,395.023629
-5,479,395.349756
-3,749,395.871499
-4,649,396.32006
3,606,396.749581
-2,813,397.430341
-2,782,398.047798
-4,706,398.612564
-3,795,399.283769
-5,481,399.633995
-4,677,400.123321
-4,541,400.520757
-3,762,401.066944
-4,763,401.629382
2,787,402.192073
-2,875,402.812538
-3,552,403.194841
-3,646,403.669124
-4,589,404.075084
-3,713,404.559634
-3,715,405.056818
-3,830,405.667746
-2,804,406.261081
-2,726,406.76573
-3,650,407.202562
-2,726,407.70809
-3,658,408.183451
-5,413,408.477453
-2,855,409.055906
-3,617,409.496729
-2,700,410.072949
1,793,410.624162
-2,781,411.151751
-3,708,411.653511
-1,818,412.245109
1,886,412.914557
-4,606,413.362361
-3,730,413.85902
-4,539,414.250972
-4,527,414.601036
2,778,415.149987
-3,799,415.730424
2,755,416.295522
2,811,416.87456
-2,915,417.53654
-5,437,417.868707
-4,609,418.289109
-2,694,418.774227
-3,824,419.378004
1,803,419.959916
4,650,420.440914
1,812,421.008264
-5,566,421.399352
-1,1030,422.132681
-3,639,422.575775
-5,452,422.900507
-1,887,423.531045
-4,526,423.888092
-4,732,424.407579
-3,694,424.901313
-3,602,425.331989
-3,617,425.772838
1,831,426.338326
-4,482,426.672726
2,968,427.334953
-2,696,427.834839
-3,665,428.35111
-3,750,428.97099
-4,533,429.362941
-3,690,429.853384
1,983,430.655106
-1,980,431.333293
1,766,432.040332
1,967,432.764642
-3,594,433.199923
1,825,433.816355
-3,622,434.357412
-3,748,434.993711
-1,835,435.700657
-4,529,436.144068
-1,1071,437.037942
-3,629,437.582675
-4,705,438.096661
-4,525,438.458937
-4,736,438.982384
-4,667,439.466206
-4,789,440.018214
-3,637,440.474221
-4,503,440.894096
-4,460,441.260877
1,865,441.914899
-4,582,442.347968
-3,655,442.863337
-4,586,443.42212
-3,788,444.049028
-3,703,444.5563
-2,1037,445.349324
-3,782,445.921132
-4,645,446.555962
-5,491,447.014041
-4,579,447.551102
-4,658,448.174468
-1,812,448.987053
-5,587,449.606595
-2,657,450.34559
-3,859,451.176363
-3,982,452.271997
-3,657,453.023106
4,601,453.65304
-3,629,454.329121
-3,655,455.075971
-3,765,455.855061
-2,772,456.749572
-3,616,457.410802
-2,916,458.291806
-5,610,458.831343
3,778,459.6007
-2,866,460.436065
-4,607,461.051942
1,831,461.847569
-4,543,462.413404
-2,862,463.189547
3,658,463.810646
-3,662,464.417989
-3,781,465.164256
-1,963,466.096644
-3,682,466.759063
-1,913,467.635626
-4,538,468.15261
-5,528,468.676353
1,880,469.512175
-4,913,470.342619
-4,720,470.985898
-4,766,471.669072
-5,725,472.314353
-2,803,473.051374
-3,605,473.588937
-4,673,474.193933
1,906,475.089947
-3,784,475.782098
-2,803,476.494191
-4,639,477.129014
3,681,477.778658
-4,564,478.312673
-3,735,479.050134
-4,639,479.643735
-1,1027,480.555284
-3,707,481.243132
-2,746,481.98121
-2,751,482.64679
-4,870,483.452094
-3,705,484.0854
-1,988,485.017039
-4,546,485.524659
-5,437,485.942344
-5,397,486.314003
-3,726,487.007403
-1,729,487.747548
-5,852,488.522132
-5,658,489.167394
-4,660,489.811889
1,1005,490.721147
-4,571,491.274813
2,807,492.037904
2,788,492.805197
4,602,493.410986
-3,744,494.080816
-2,1015,495.20667
-2,824,496.011942
-3,703,496.662081
-3,676,497.304649
-3,832,498.091179
-3,570,498.679792
-5,438,499.103659
1,794,499.907281
-3,560,500.422902
3,938,501.299575
-2,853,502.240242
-3,600,502.82175
-5,522,503.371078
-5,551,504.020398
-1,836,504.931944
-1,861,505.895481
-4,471,506.368716
-2,785,507.178551
-1,851,508.041533
-2,703,508.780197
-2,894,509.73706
-2,795,510.594485
-3,574,511.199865
1,873,512.166054
-3,589,512.766805
1,795,513.641765
-3,618,514.281662
-2,724,515.001739
-3,595,515.580651
-2,988,516.542945
-5,403,516.898991
-4,691,517.502379
-3,789,518.29868
-1,1004,519.397563
-3,615,520.049179
-2,657,520.696782
-4,572,521.285145
-2,920,522.216335
2,1119,523.315999
-4,530,523.861315
-4,808,524.666737
3,764,525.485603
-3,995,526.571582
-1,811,527.435112
-3,626,528.031518
-4,687,528.678312
-3,625,529.306135
-5,435,529.708062
-3,614,530.315959
-5,380,530.659366
-3,705,531.273611
-4,550,531.776704
-3,777,532.464139
1,977,533.376646
-5,424,533.780938
-4,487,534.244347
3,613,534.819931
2,968,535.737324
-3,668,536.42579
1,938,537.385016
-2,801,538.21213
-2,1076,539.329107
-4,916,540.248157
1,959,541.284822
2,900,542.197916
-2,845,543.046504
-3,621,543.6896
-4,623,544.358446
-5,450,545.160977
-3,766,545.7702
-1,813,546.459357
-3,607,546.925292
-4,690,547.486447
-1,869,548.128053
-4,509,548.602782
-3,764,549.196253
-2,663,549.699906
-5,463,550.09884
-3,801,550.750546
-3,768,551.332898
-3,883,552.002268
-5,528,552.445748
1,855,553.09225
-5,579,553.532539
-2,673,553.996652
-3,651,554.454374
-3,623,554.933109
-5,520,555.333162
-1,811,556.036352
-3,785,556.667657
-5,461,557.056616
-3,769,557.623268
-2,916,558.386227
-2,982,559.070254
-5,397,559.348607
-2,745,559.854955
-5,474,560.198402
-4,551,560.597556
-1,855,561.269125
-2,697,561.77881
-5,539,562.172755
2,751,562.738242
2,774,563.34074
1,1129,564.213805
-3,762,564.833376
-5,580,565.264597
-2,742,565.800215
-3,778,566.399094
-4,640,566.853483
2,895,567.498306
-3,698,568.002184
-4,539,568.402176
-5,408,568.692977
-2,715,569.202011
-3,690,569.716277
-2,715,570.210009
-3,995,570.91159
-3,673,571.403359
-3,783,571.970303
-4,594,572.400634
-4,629,572.854971
-3,665,573.366729
-3,661,573.849652
-5,516,574.268687
-1,851,574.929072
-3,613,575.433723
-5,476,575.898205
-2,872,576.52755
-4,605,576.988829
-3,795,577.607555
-2,824,578.213701
-4,870,578.917469
-3,721,579.495337
4,677,579.996989
1,1070,580.761799
-4,607,581.185666
-4,642,581.661771
-5,445,582.007357
-5,436,582.314246
-5,468,582.652068
-5,565,583.03996
-3,687,583.527028
-4,660,584.010024
-4,602,584.457336
-4,585,584.867659
-3,670,585.34844
1,1136,586.209637
-3,569,586.64417
-1,876,587.332316
-5,396,587.633844
-4,669,588.111485
-3,613,588.52837
-3,809,589.145534
-4,485,589.535061
-2,822,590.170823
-2,933,590.881645
-2,759,591.473417
-3,797,592.047294
-5,515,592.422257
2,778,592.978364
-2,820,593.58119
-3,706,594.10356
-4,555,594.526195
-2,698,595.076192
-1,766,595.64459
-3,619,596.10432
-3,778,596.727196
-3,614,597.17617
3,687,597.956083
-5,392,598.390456
-5,401,598.754512
-4,523,599.242631
-3,640,599.821549
3,705,600.479078
-3,609,601.160253
-1,812,602.043242
-4,722,602.937849
-4,667,603.67388
-5,643,604.344086
-3,632,604.984374
-5,619,605.612088
-3,769,606.454833
-1,841,607.400306
1,831,608.341788
-2,1048,609.448495
-1,1252,610.763747
-5,683,611.449834
-5,511,611.955946
-4,661,612.699722
-4,703,613.431212
-4,739,614.185218
-3,969,615.163934
-1,902,616.129686
2,722,616.982183
-3,666,617.659814
-1,961,618.677016
-1,944,619.677341
-5,426,620.158054
-5,498,620.65772
-2,754,621.482899
-1,834,622.345351
-2,661,622.975006
-4,480,623.487196
3,634,624.131976
-2,739,624.837114
1,1020,625.903639
-2,697,626.617081
-2,790,627.38817
-3,612,627.976531
-4,799,628.779604
-1,893,629.72186
-3,588,630.288157
-2,854,631.050121
-2,859,631.861677
-3,638,632.458536
-1,851,633.217085
-3,891,634.174417
-2,834,635.026235
-2,651,635.735183
-5,445,636.140904
-5,811,636.992736
-4,1091,638.047385
-4,482,638.495678
2,676,639.13796
-2,707,639.806065
-2,738,640.482256
-4,691,641.155456
-3,635,641.747443
-3,776,642.500151
2,1043,643.469446
-4,493,643.925905
3,621,644.506896
-1,928,645.410072
-4,489,646.00746
5,516,646.479196
-1,971,647.419957
-3,734,648.127557
-1,868,649.034208
-3,650,649.751477
3,786,650.584589
-3,651,651.226899
-3,649,651.855931
1,750,652.617813
-2,791,653.502698
-4,837,654.338547
2,901,655.238984
-4,476,655.73939
-3,630,656.323829
-4,572,656.912881
-4,555,657.483275
-2,843,658.341451
-1,815,659.115958
-4,654,659.719967
-2,784,660.463553
-3,589,661.005107
4,621,661.658762
2,880,662.453071
3,909,663.268889
-5,430,663.675889
-4,527,664.14962
-5,403,664.529134
-2,972,665.425634
-2,734,666.121986
-4,531,666.646013
-4,473,667.094813
-5,382,667.499834
-3,849,668.279539
-2,972,669.274196
-2,993,670.21696
-4,717,670.884073
3,649,671.498955
-1,963,672.48403
-2,790,673.3286
-1,1041,674.35006
-4,473,674.844955
4,583,675.370574
-3,616,675.922652
2,730,676.611941
-4,646,677.175434
-1,996,678.045108
1,889,678.844214
-5,428,679.23494
-3,750,679.891184
-1,1023,680.82324
-5,418,681.213646
-5,415,681.596143
-4,632,682.159636
-4,493,682.639922
-3,630,683.277468
-2,834,684.14577
2,695,684.844902
2,861,685.719903
-5,523,686.234538
-2,817,687.225877
-1,945,688.216546
-4,492,688.751462
-4,570,689.385776
-2,808,690.307842
1,795,691.168222
-2,751,691.911233
-3,654,692.511527
-3,660,693.120583
-3,718,693.847586
-2,769,694.621855
-2,812,695.387723
-2,1074,696.409393
-5,482,696.879224
1,799,697.682918
-4,758,698.221221
-1,896,698.855421
-4,566,699.273947
-2,665,699.800216
-1,910,700.446234
-2,699,700.980237
-5,410,701.294114
-3,674,701.763111
-1,962,702.503506
-4,571,702.912398
-2,726,703.427155
-4,512,703.804893
-3,699,704.304874
-5,494,704.652968
-4,801,705.205987
-1,1088,706.016857
-4,766,706.588215
3,1074,707.346324
-3,606,707.778672
2,742,708.329964
-2,861,708.936808
-4,534,709.315794
-4,816,709.879914
-1,811,710.450802
3,938,711.130241
-5,501,711.506183
-4,491,711.8677
-1,988,712.593468
-3,666,713.077206
1,852,713.73019
-4,585,714.174792
1,957,714.945272
1,825,715.573565
-4,539,715.996435
-3,918,716.66365
-3,775,717.313717
-1,1059,718.129955
-5,429,718.460489
-3,888,719.133459
-4,537,719.53044
-3,887,720.17851
-5,393,720.459429
-1,1251,721.356629
-1,863,721.968245
-3,644,722.418856
-5,614,722.862471
-2,945,723.531006
-4,619,723.96819
3,813,724.576977
-3,590,724.995909
-1,783,725.536853
-1,736,726.067434
-3,658,726.531339
5,416,726.829879
-1,1087,727.608251
-2,692,728.096509
-4,781,728.672594
-3,636,729.133392
-1,869,729.763216
5,503,730.181587
3,640,730.662601
1,791,731.224059
-5,492,731.57083
-1,982,732.249606
-1,900,732.915499
-3,781,733.489102
-5,386,733.772626
-4,461,734.107751
2,1004,734.856476
1,944,735.527382
-4,587,735.940212
-4,647,736.423129
-4,597,736.852668
-5,507,737.224714
-4,680,737.70189
-1,908,738.361652
-4,785,738.938058
-5,403,739.244362
-4,568,739.651263
-4,987,740.377075
4,554,740.773656
-4,673,741.345873
-3,897,742.029045
-3,645,742.492805
-3,728,743.020071
-5,442,743.332386
-2,805,743.915341
-5,374,744.184541
-5,465,744.528902
-2,776,745.121364
-1,750,745.664015
-5,424,745.979805
-1,813,746.560643
-1,853,747.192713
1,1005,747.907143
-1,868,748.52242
-1,1168,749.420783
-1,1402,750.460549
-3,622,750.895387
1,909,751.873716
1,998,752.804758
-4,496,753.259821
-4,562,753.786292
-4,621,754.353487
1,976,755.290504
-1,972,756.36712
1,779,757.23854
2,771,758.021662
-2,915,759.014735
-4,517,759.576842
3,675,760.251146
2,900,761.091085
-2,639,761.688639
1,1088,762.740328
-4,554,763.314654
-3,600,763.865898
3,639,764.473707
-5,576,765.02057
-2,724,765.736258
1,1005,766.77355
-3,657,767.455241
-2,1111,768.604038
-3,591,769.144807
-4,551,769.685742
-3,589,770.252881
-2,707,770.900976
1,873,771.72613
-3,658,772.319192
-1,867,773.082124
-1,766,773.796545
-5,629,774.373424
-3,653,774.990681
-3,688,775.63071
-1,754,776.324195
2,798,777.047765
3,801,777.789931
-4,524,778.249727
-4,610,778.799228
5,447,779.217051
-1,798,779.992079
-5,554,780.491655
-3,654,781.13703
-4,801,781.888133
2,788,782.696371
-3,654,783.424444
-2,834,784.343964
-5,486,784.829666
-5,450,785.300407
-4,610,785.92773
-2,635,786.619879
-2,857,787.54017
-2,915,788.457714
-4,523,788.967699
-3,762,789.738559
-4,742,790.438635
1,1053,791.417122
-3,571,791.939338
-4,532,792.468024
2,797,793.233191
-5,399,793.619296
-5,525,794.136943
-4,487,794.623264
-1,903,795.544971
-2,802,796.321211
-4,556,796.859436
-3,626,797.510128
-1,860,798.345343
-5,452,798.789258
-2,837,799.5888
-4,624,800.143317
2,716,800.806365
-2,744,801.532744
-2,951,802.48338
1,865,803.249331
-5,449,803.647734
-1,903,804.459628
2,778,805.232294
-4,709,805.874965
4,618,806.428959
-5,423,806.802958
-5,548,807.314589
-2,721,808.027105
-4,800,808.744209
-4,633,809.330392
1,921,810.232674
-3,730,810.902666
-5,498,811.348474
-5,468,811.769348
-3,675,812.365752
1,788,813.109305
-3,646,813.711021
-3,783,814.506439
-2,698,815.161649
-3,966,816.074097
-4,973,816.961849
-5,576,817.506848
-1,781,818.258736
1,1070,819.269526
-5,433,819.652927
-2,768,820.353443
2,957,821.249253
-3,767,821.968493
-2,808,822.689162
-2,726,823.341415
1,969,824.245011
-1,767,824.922679
-3,713,825.60836
-5,423,826.000304
-1,961,826.915355
2,830,827.729169
-2,746,828.421793
-2,719,829.183901
-2,785,829.922003
-1,874,830.731228
-2,726,831.41041
-3,544,831.907596
1,760,832.59775
-2,755,833.292892
-1,730,833.965358
-1,828,834.741175
-3,534,835.256217
-1,814,836.028078
2,718,836.671942
-4,527,837.156373
2,814,837.902541
-4,573,838.440689
-1,942,839.271317
-5,440,839.657285
-1,789,840.357413
-2,657,840.958304
-3,656,841.611114
-4,535,842.155764
-1,849,842.9277
-1,1053,843.923297
1,830,844.771259
2,747,845.510485
-2,710,846.173778
-5,430,846.558749
1,1105,847.433824
-3,642,847.891783
-1,907,848.537662
-2,846,849.147979
1,889,849.789279
1,955,850.482858
1,971,851.171006
-3,968,851.838066
-3,788,852.382242
-5,401,852.666505
-4,624,853.132593
-3,663,853.646147
-3,708,854.153258
-4,632,854.598876
-3,805,855.200803
-3,838,855.788273
-4,685,856.28136
-4,700,856.78266
-1,881,857.421102
-1,782,857.976896
1,828,858.572197
-2,1006,859.333234
-3,768,859.886654
3,670,860.381552
-2,938,861.057742
-5,415,861.362927
-4,939,862.018267
-4,709,862.529166
1,1040,863.27087
-4,639,863.711595
-5,606,864.146405
-5,419,864.449304
-4,604,864.882282
-4,660,865.352947
-3,632,865.806857
1,882,866.443646
-4,675,866.902806
-2,745,867.459936
1,1306,868.406651
-2,838,868.991591
-4,632,869.444835
3,997,870.182493
-1,1090,870.963843
1,1014,871.687891
-3,1072,872.467682
-5,988,873.176674
-3,710,873.666804
-3,637,874.114785
-5,576,874.504744
-2,787,875.033329
-4,549,875.414311
-3,723,875.954355
-4,466,876.290974
-1,967,877.034484
-5,433,877.363594
-3,805,877.923493
3,618,878.378068
-4,512,878.746112
1,1061,879.520156
1,1087,880.308065
1,925,880.960875
-5,443,881.270022
-4,756,881.826224
-4,702,882.323344
-1,1236,883.197475
-5,751,883.710118
-2,1088,884.487184
-1,930,885.138807
-2,744,885.707705
-3,799,886.256934
-2,761,886.819042
-1,1025,887.562088
-4,585,887.987385
5,510,888.354407
-3,866,888.977605
-3,724,889.548359
1,1257,890.456432
-5,423,890.769413
-4,678,891.248376
3,738,891.760956
2,772,892.295085
-3,686,892.775009
-4,747,893.349565
-1,975,894.105871
-5,551,895.083945
-4,646,895.607543
-3,557,896.006538
-2,692,896.502895
2,879,897.142407
-4,853,897.739012
-4,508,898.108289
-5,784,898.978199
-2,807,899.620803
-4,572,900.068606
-4,734,900.736896
-3,908,901.409098
-5,496,901.756169
-2,671,902.29872
-3,837,902.882159
-3,860,903.482551
-3,969,904.437728
-3,1106,905.482071
-2,914,906.356574
-3,749,907.034271
-3,660,907.618708
-1,804,908.350858
1,900,909.236194
-5,448,909.670932
-2,872,910.529069
-1,1035,911.51958
-5,372,911.880179
-3,756,912.562378
-4,545,913.056123
1,1031,913.9617
-4,704,914.599625
-5,769,915.33108
-4,686,916.02738
3,688,916.705776
-3,686,917.389553
-2,767,918.102296
-2,695,918.737975
-4,565,919.235644
-4,533,919.79217
-3,641,920.385567
-1,995,921.266324
-1,859,922.048465
-4,513,922.535725
-2,775,923.238095
-3,615,923.824814
1,923,924.8658
-3,695,925.556626
-4,557,926.126013
-4,683,926.735441
3,642,927.354068
-4,549,927.902584
-3,573,928.443595
-3,689,929.072624
-5,531,929.578197
-4,524,930.034977
-5,434,930.433097
3,829,931.291751
-2,781,932.018152
-3,643,932.592615
-2,852,933.354621
-4,640,933.929085
-1,943,934.846142
-2,748,935.53428
-3,640,936.098929
-2,912,936.960977
-1,827,937.75036
1,866,938.567941
-5,385,938.918987
-2,832,939.689238
-1,962,940.645832
-3,549,941.224192
-1,986,942.174595
-4,501,942.620041
-5,623,943.174536
-5,578,943.686168
-5,786,944.402491
-1,956,945.280964
-4,551,945.854016
-4,486,946.300814
-2,811,947.030946
-1,852,947.825758
-4,551,948.387643
-4,571,948.921013
-3,776,949.648264
-5,509,950.09906
3,670,950.704092
-3,762,951.37131
-5,514,951.823101
-1,742,952.545668
-4,636,953.130787
-3,625,953.681314
-3,681,954.280714
2,1030,955.194268
5,460,955.663481
1,1062,956.606918
-1,743,957.361391
-3,619,957.931995
-4,661,958.557675
-4,594,959.081074
-1,745,959.810264
-2,846,960.599559
-2,778,961.296343
-4,573,961.807975
-2,858,962.572784
4,735,963.222048
-3,709,963.855335
-4,694,964.4796
-5,442,964.922186
-3,784,965.645607
-4,594,966.215411
-3,633,966.870657
-5,514,967.420024
-3,757,968.113388
-1,774,968.84093
-3,746,969.52224
-4,692,970.21008
-5,574,970.74244
-4,884,971.551903
-4,902,972.360974
-2,827,973.209024
-2,877,974.035267
-2,1079,975.1226
-3,694,975.746273
-1,789,976.452475
2,877,977.251339
-3,680,977.884128
-2,852,978.675523
-2,791,979.389875
-3,690,980.033805
-1,780,980.741677
-3,751,981.417726
-4,496,981.856007
-5,751,982.535215
-3,643,983.118229
-2,929,983.960755
-4,513,984.413842
-1,865,985.254142
-1,820,985.998023
-2,623,986.592783
-1,993,987.534424
-1,857,988.297916
1,821,989.072811
-5,563,989.644715
-1,884,990.479178
-3,589,991.040183
-4,524,991.531452
-3,633,992.108996
-4,592,992.644186
-1,876,993.428402
3,683,994.090685
-1,995,994.998986
-2,967,995.963299
-4,553,996.478666
-2,732,997.697608
-2,651,998.147631
3,694,998.633503
-3,572,999.03681
2,819,999.630084
-2,1055,1000.368373
-4,663,1000.817557
-3,606,1001.22846
-5,628,1001.688848
1,835,1003.463949
1,1079,1004.250232
-2,832,1004.857665
-5,422,1005.172821
-4,531,1005.55863
4,570,1005.96905
-5,451,1006.298738
-3,625,1006.764186
-4,527,1007.131401
-4,671,1007.65593
3,722,1008.195282
3,655,1008.642426
1,882,1009.255374
-3,584,1009.663665
-4,518,1010.036121
-2,897,1010.689417
-3,824,1011.261478
5,528,1011.635965
-4,717,1012.139565
1,1041,1012.850596
-4,504,1013.25893
2,770,1013.81086
-3,804,1014.387966
5,463,1014.707244
-1,771,1015.24872
-1,983,1015.95568
-2,729,1016.45611
-2,668,1016.934322
1,969,1017.657427
-1,972,1018.347574
-3,641,1018.803871
1,991,1019.523119
-2,860,1020.126368
-1,1028,1020.884728
-2,747,1021.46182
-2,705,1021.952529
-3,781,1022.508027
1,767,1023.060967
-1,988,1023.784439
1,756,1024.32948
1,1084,1025.092068
1,929,1025.770778
-1,795,1026.348783
-4,517,1026.722237
-4,581,1027.122266
1,907,1027.786738
-4,553,1028.183643
2,682,1028.679334
-1,760,1029.235701
-3,638,1029.699856
4,649,1030.157406
-5,477,1030.484991
-2,868,1031.114296
-5,500,1031.479588
1,843,1032.073111
-1,947,1032.742115
-2,732,1033.266331
-4,471,1033.603856
-5,489,1033.953451
-5,426,1034.249768
-4,557,1034.662273
-3,678,1035.156124
-4,475,1035.498824
1,1110,1036.296718
-3,698,1036.783624
-2,784,1037.375469
-2,852,1037.986293
-5,575,1038.381236
-3,663,1038.84745
1,1255,1039.75311
4,697,1040.258278
-4,507,1040.628011
-5,462,1040.958349
-4,511,1041.324046
-2,808,1041.932065
-4,570,1042.331406
-1,950,1042.99687
-2,803,1043.566127
-5,465,1043.880293
-5,393,1044.146779
-2,613,1044.595462
-1,1216,1045.472782
-3,696,1045.959885
-1,834,1046.562799
-5,503,1046.93004
3,879,1047.567524
1,858,1048.173634
-5,479,1048.525655
-2,966,1049.305686
-3,564,1049.739175
3,774,1050.340442
-4,468,1050.852715
-4,618,1051.566386
-3,629,1052.27692
-3,638,1053.209668
2,831,1054.114042
-3,647,1054.992687
-1,825,1056.03889
-2,687,1056.979373
2,819,1057.805864
-2,863,1058.869889
-3,715,1059.7008
2,729,1060.454784
-2,794,1061.256639
-1,808,1062.239184
-1,884,1063.390106
-3,786,1064.48418
-1,749,1065.423725
-2,814,1066.595592
1,923,1067.797378
3,743,1068.639125
-5,492,1069.185662
-4,603,1069.793408
-4,537,1070.386815
-2,866,1071.456927
-2,851,1072.628791
-5,497,1073.282044
-2,689,1074.307303
-4,514,1075.050314
-2,838,1076.176849
-5,422,1076.615674
-4,667,1077.384173
-4,722,1078.269274
-2,691,1079.141194
3,759,1079.994943
-3,663,1080.767843
-3,660,1081.571693
-5,446,1082.035453
-3,731,1082.868225
2,878,1083.852641
-4,543,1084.43606
-5,467,1084.989552
5,742,1086.171677
2,700,1088.916788
-1,1198,1094.135367
-3,761,1096.633629
-4,765,1097.549675
-2,840,1098.454769
2,815,1099.486801
-5,678,1100.309371
-4,669,1101.064859
-3,598,1101.731608
4,593,1102.386768
-4,493,1102.971244
-2,844,1104.217474
-5,436,1105.024446
-2,953,1106.72131
-2,742,1108.049828
-4,506,1108.53598
-3,637,1109.188839
5,523,1109.77081
-3,680,1110.454191
1,1095,1111.559418
-3,674,1112.200699
-1,764,1112.915142
-1,892,1113.821942
-5,479,1114.295362
3,691,1115.008297
-3,830,1115.856431
-2,858,1116.644324
2,847,1117.484834
-3,664,1118.139811
-4,601,1118.774476
-2,861,1119.610139
1,975,1120.563877
-4,526,1121.100914
-1,872,1121.905627
-5,512,1122.376369
-4,636,1122.960495
1,875,1123.822843
1,959,1124.740462
-5,471,1125.205858
-1,810,1126.038244
-5,389,1126.43526
-1,859,1127.365932
-3,785,1128.202186
-3,585,1128.803564
-1,788,1129.624173
-2,732,1130.34836
-4,766,1131.062466
-4,682,1131.68678
-4,468,1132.155705
4,637,1132.799941
-3,651,1133.497717
1,912,1134.342532
-1,880,1135.262075
-4,553,1135.822558
-5,579,1136.419955
-1,1040,1137.530621
-5,672,1138.149697
-4,905,1138.979478
1,931,1139.8177
-4,612,1140.431042
-5,473,1140.900819
1,849,1141.69158
-4,504,1142.144371
2,936,1142.993555
-3,620,1143.549002
-2,788,1144.257687
-5,768,1144.961896
-3,664,1145.608985
-2,887,1146.445598
-5,449,1146.900497
-1,746,1147.696467
-3,653,1148.332187
-4,520,1148.789964
-4,664,1149.475444
-1,874,1150.333981
-3,730,1151.0445
-2,929,1151.881713
-3,621,1152.43222
-1,917,1153.265286
3,609,1153.832607
-3,782,1154.635701
-2,939,1155.590389
1,874,1156.46106
-4,628,1157.090445
-2,813,1157.878074
-4,455,1158.308914
-1,850,1159.102834
2,787,1159.899077
1,995,1161.078161
-4,614,1161.685522
-1,842,1162.458171
4,633,1163.035625
-3,727,1163.690874
-5,386,1164.047036
-5,515,1164.519485
-2,826,1165.355497
-3,722,1166.021011
-4,524,1166.775595
2,723,1167.3323
-4,491,1167.679836
-4,590,1168.104921
-4,548,1168.501428
-4,642,1168.971219
-4,624,1169.416007
3,833,1171.067784
-4,571,1171.45838
-5,458,1171.786875
-1,847,1172.385202
-3,602,1172.853603
-3,785,1173.403594
-3,671,1173.880753
-4,599,1174.313497
-2,716,1174.841125
-5,451,1175.171054
-5,494,1175.538439
-3,744,1176.071708
-4,537,1176.445394
-1,1163,1177.283875
-4,519,1177.657673
-1,885,1178.297289
-2,776,1178.871103
-5,515,1179.241918
-2,750,1179.795805
-1,868,1180.408353
-1,863,1181.046569
-4,717,1181.558979
-5,554,1181.965504
-4,600,1182.393105
-3,697,1182.898886
-3,862,1183.514541
-5,405,1183.793793
-2,883,1184.405005
-2,717,1184.908955
-5,472,1185.246809
-4,794,1185.810264
-2,816,1186.367555
-4,702,1186.929723
2,798,1187.56708
-5,379,1187.847315
-3,741,1188.38032
-4,534,1188.756313
-3,693,1189.325024
-4,561,1189.798555
-4,530,1190.25266
1,931,1191.06799
-2,742,1191.596409
-3,666,1192.068714
-2,890,1192.706642
-3,750,1193.248338
-4,749,1193.835436
-2,797,1194.450474
-5,393,1194.749016
-2,811,1195.407368
-5,542,1195.779375
-2,898,1196.43839
-5,609,1196.929557
-3,670,1197.457142
-3,713,1197.947767
1,810,1198.528688
-5,410,1198.819098
-2,713,1199.303803
-4,743,1199.832443
-3,674,1200.328224
-4,464,1200.656543
-4,626,1202.413125
-3,899,1203.116114
-3,792,1203.758638
-4,477,1204.141614
-5,450,1204.501313
-3,642,1204.950101
-3,792,1205.505615
-4,536,1205.912189
-5,518,1206.28406
-4,615,1206.71391
-4,534,1207.097348
-2,725,1207.613824
-4,530,1207.980842
-5,687,1208.466543
-2,854,1209.065941
1,853,1209.702348
-4,698,1210.206364
-2,787,1210.758432
-5,385,1211.034904
-3,933,1211.738975
1,884,1212.38214
-4,511,1212.758369
-1,887,1213.514515
-4,509,1213.923404
-3,654,1214.4301
-3,672,1214.917795
-4,686,1215.455356
-5,518,1215.873239
-4,605,1216.340989
1,958,1217.106565
3,674,1217.63862
5,483,1218.014608
-3,625,1218.536213
1,951,1219.567134
-4,746,1220.330934
2,938,1221.286667
-4,512,1221.838541
-2,943,1222.803271
-5,553,1223.357664
-2,687,1224.139678
-1,782,1224.972692
-5,451,1225.43665
-1,771,1226.164027
1,1111,1227.245646
-2,840,1228.063003
-4,557,1228.571643
-3,772,1229.359179
-4,627,1229.957819
-2,876,1230.806746
-1,846,1231.625949
-3,679,1232.270155
2,706,1232.921056
-2,664,1233.550595
-5,427,1233.945491
1,1151,1235.031893
-5,447,1235.499865
-3,767,1236.244299
-2,720,1236.953014
-4,532,1237.513259
-3,634,1238.135648
-5,531,1238.662495
-5,382,1239.016989
1,1015,1240.020313
-4,579,1240.571519
-5,571,1241.125187
-4,516,1241.657588
-3,756,1242.455006
-1,768,1243.218657
-4,504,1243.688452
-4,512,1244.154276
-3,828,1244.965858
-4,536,1245.541139
1,843,1246.373483
-1,933,1247.265641
-5,467,1247.740573
-2,862,1248.53477
-5,427,1248.922732
-3,624,1249.497195
-3,693,1250.130665
-2,724,1250.859055
-3,600,1251.440773
-3,639,1252.06226
1,959,1252.968241
-3,710,1253.646795
-3,660,1254.254171
-4,678,1254.908407
-3,616,1255.549848
-5,454,1256.023557
-1,960,1257.00876
-5,528,1257.580321
-4,525,1258.079203
1,813,1258.937993
3,693,1259.638305
-3,812,1260.375881
-1,907,1261.283085
-3,685,1261.910648
-5,588,1262.546566
1,1121,1263.559369
5,448,1263.964283
1,940,1264.820992
-2,867,1265.600932
-2,720,1266.267034
-2,741,1267.004508
-4,556,1267.543662
-5,490,1267.993459
-3,577,1268.525038
-2,743,1269.225183
3,574,1269.798482
-2,714,1270.495805
1,1002,1271.437811
-5,641,1272.069182
3,587,1272.637773
-3,950,1273.506602
-1,922,1274.412387
-4,523,1274.886909
-5,438,1275.303916
-4,505,1275.772959
2,827,1276.56894
-3,589,1277.220476
-2,767,1277.955385
-4,714,1278.706906
-2,942,1279.645227
-2,723,1280.386472
-3,645,1281.050894
-4,664,1281.690697
-3,644,1282.314669
-2,817,1283.06248
-2,696,1283.734047
-5,489,1284.202894
-1,865,1284.990705
-2,695,1285.655134
2,798,1286.45592
2,774,1287.178986
-2,746,1287.864031
-2,801,1288.64185
-1,869,1289.467756
-5,504,1289.925035
-2,680,1290.551496
5,528,1291.050509
3,689,1291.702579
-3,782,1292.492551
-3,740,1293.297359
-3,796,1294.116567
-5,461,1294.602547
-1,1143,1295.742168
3,675,1296.386222
-5,507,1296.90321
-4,607,1297.499432
4,668,1298.11671
-2,776,1298.87283
-2,661,1299.487592
-4,744,1300.170603
2,761,1300.882704
-2,832,1301.748876
-5,438,1302.289662
-5,438,1302.770772
2,679,1303.536688
-3,583,1304.110853
-3,987,1305.165615
-1,984,1306.191578
-2,847,1307.034611
4,845,1307.888209
-1,876,1308.69104
1,843,1309.559635
-3,647,1310.241261
2,818,1311.10945
-4,618,1311.686887
-3,711,1312.319799
-2,814,1313.042889
3,734,1313.700648
-2,700,1314.343749
-2,861,1315.174396
-3,676,1315.785835
-4,542,1316.272484
-4,483,1316.696135
-3,678,1317.178476
-3,726,1317.697284
-2,814,1318.293371
-4,532,1318.689566
-2,685,1319.189868
-4,520,1319.565891
2,718,1320.086152
-4,619,1320.517998
-1,937,1321.240081
1,961,1322.020797
-3,585,1322.604714
-3,670,1323.090413
-1,790,1323.665079
-5,471,1324.05563
-2,711,1324.627927
2,822,1325.333638
-4,559,1325.750707
-3,666,1326.27176
-1,840,1326.927505
-2,827,1327.553438
-2,833,1328.198593
-1,992,1329.014215
-2,782,1329.691928
1,978,1330.553599
-1,900,1331.320935
-4,539,1331.743619
-3,541,1332.191422
-3,838,1332.871209
-2,800,1333.489555
-5,414,1333.804711
-4,503,1334.187685
-2,864,1334.820992
-2,661,1335.29274
-3,636,1335.744908
-2,825,1336.333136
-1,795,1336.88496
-3,555,1337.27054
-5,445,1337.602845
-4,677,1338.166209
-4,539,1338.579525
-4,553,1338.983341
2,811,1339.626582
-1,1018,1340.488802
-2,832,1341.19879
-2,859,1341.864222
-2,793,1342.468473
-3,679,1342.95869
2,733,1343.477345
-4,563,1343.900226
1,797,1344.509569
-4,521,1344.891546
-3,617,1345.337962
-5,407,1345.643206
-3,638,1346.143805
1,971,1346.887302
-1,903,1347.593001
-3,668,1348.108561
-2,890,1348.788742
-3,697,1349.283418
-2,688,1349.803054
-3,562,1350.233876
-3,642,1350.744454
-4,569,1351.195302
-2,822,1351.821224
-5,545,1352.223787
-5,455,1352.574659
2,769,1353.175322
-1,833,1353.782572
-3,675,1354.331917
-3,620,1354.805428
1,984,1355.560773
2,796,1356.174474
-5,376,1356.456919
-5,442,1356.842818
-4,587,1357.352219
1,920,1358.051522
-3,599,1358.560019
-3,673,1359.131206
-1,788,1359.783068
-3,614,1360.26179
-3,733,1360.821134
-4,660,1361.416545
-3,636,1361.885293
-1,925,1362.594282
4,599,1363.070916
-4,492,1363.42895
-4,491,1363.811445
-4,595,1364.234316
-1,1110,1365.039163
-5,363,1365.30759
-3,653,1365.842692
-3,556,1366.263778
-3,703,1366.825877
3,691,1367.363812
-3,612,1367.84301
-4,497,1368.217305
2,921,1368.892786
-3,726,1369.410403
3,705,1369.922033
-4,834,1370.721397
-1,830,1371.573117
-3,604,1372.158914
-1,904,1373.097328
-5,497,1373.631371
-1,880,1374.59551
-4,572,1375.211741
-3,563,1375.807883
-2,913,1376.745374
-2,794,1377.623028
-5,397,1378.100751
-2,636,1378.785925
-2,638,1379.430729
1,826,1380.342491
-1,861,1381.189728
-2,774,1381.952698
-4,573,1382.482279
-1,839,1383.297315
-4,604,1383.861805
-5,466,1384.288663
3,627,1384.86876
1,820,1385.668924
2,778,1386.453797
-1,805,1387.264882
-2,712,1387.982155
-4,475,1388.47283
2,818,1389.391931
1,879,1390.220128
-2,778,1390.999412
1,1019,1391.998786
1,1000,1393.048901
-3,811,1393.93417
-3,698,1394.687856
-3,596,1395.299485
-3,766,1396.073935
-3,646,1396.710121
-1,933,1397.662902
1,910,1398.527101
1,753,1399.292687
-4,561,1399.903468
1,1156,1401.189158
-3,680,1401.912099
-2,780,1402.694122
-3,811,1403.503849
-1,1024,1404.561685
-2,741,1405.386773
-2,888,1406.253968
-3,616,1406.892948
-4,852,1407.821967
-3,630,1408.433331
-3,685,1409.12839
-3,648,1409.790702
-1,985,1410.803998
1,936,1411.703753
2,674,1412.358003
-3,671,1413.031505
-5,406,1413.462246
2,747,1414.202004
-2,813,1415.012244
-2,835,1415.903947
-3,581,1416.467076
-3,599,1417.017592
-4,715,1417.67183
-5,439,1418.072781
-1,739,1418.825859
1,826,1419.635005
-4,484,1420.095775
-3,645,1420.694173
1,892,1421.605051
-3,653,1422.249779
-4,505,1422.73947
2,768,1423.457835
-5,556,1423.962862
-4,617,1424.52436
-1,1042,1425.645967
-3,822,1426.451064
-4,510,1426.987142
-4,690,1427.640682
1,823,1428.437443
1,932,1429.562389
-4,604,1430.158045
-3,649,1430.782516
4,536,1431.323046
2,722,1432.03704
-1,819,1432.837542
3,598,1433.417304
-3,715,1434.100161
-4,538,1434.605442
-2,656,1435.204854
3,629,1435.818254
-2,800,1436.622149
2,737,1437.452005
2,870,1438.319345
1,948,1439.318815
-2,684,1439.955227
-4,521,1440.463865
1,929,1441.48608
-4,540,1442.021649
-5,433,1442.419583
-4,542,1442.964128
-1,1008,1443.9757
-4,529,1444.520268
1,912,1445.383942
2,742,1446.136021
-3,715,1446.870033
-4,787,1447.636106
-4,495,1448.166048
-4,525,1448.681666
-1,957,1449.630362
3,843,1450.4816
-3,583,1451.039418
-2,890,1451.897147
-3,637,1452.481565
2,852,1453.39499
-1,814,1454.1822
-3,679,1454.874549
-2,1077,1456.019321
2,892,1456.837072
-4,692,1457.467387
-4,524,1457.948812
-3,699,1458.589089
1,821,1459.41624
-4,555,1459.997559
-1,784,1460.754464
4,550,1461.289013
-2,772,1462.007363
-2,861,1462.798129
-3,622,1463.36262
-4,657,1463.989104
-5,455,1464.434456
-1,1092,1465.452717
1,892,1466.262551
-2,787,1466.970657
-4,498,1467.496251
-2,717,1468.201324
-4,509,1468.688589
3,646,1469.333925
-3,648,1469.936879
-2,779,1470.526768
-5,392,1470.852496
2,872,1471.517311
-1,912,1472.201763
-4,694,1472.709536
-1,860,1473.340341
-1,943,1474.05133
3,601,1474.513434
-2,836,1475.135493
-4,624,1475.5754
2,767,1476.150719
-4,550,1476.594586
-1,842,1477.238531
1,905,1477.88349
-4,550,1478.278028
4,827,1478.89642
-2,674,1479.388737
3,642,1479.866794
-1,841,1480.480852
2,738,1481.008732
3,734,1481.546233
-5,475,1481.92221
-5,500,1482.300495
3,948,1483.004422
-3,659,1483.505285
1,861,1484.172893
3,611,1484.640308
-4,599,1485.134258
-4,528,1485.591745
2,737,1486.137591
1,964,1486.857949
-5,520,1487.254426
-4,530,1487.671267
-4,531,1488.064994
-2,885,1488.780493
2,667,1489.292228
-1,891,1489.972677
3,668,1490.45695
-2,667,1490.95145
2,742,1491.508706
-1,838,1492.136543
-2,723,1492.643437
-2,740,1493.161053
-2,943,1493.835568
2,787,1494.387856
3,788,1494.984321
-2,713,1495.518271
-2,801,1496.122505
-3,683,1496.642021
-1,918,1497.291162
-2,813,1497.916319
-3,726,1498.448591
-4,523,1498.81546
3,754,1499.35482
-4,559,1499.743547
-2,660,1500.202245
1,849,1500.827348
-3,755,1501.424852
-5,502,1501.769999
-1,800,1502.377366
-4,512,1502.767706
-2,671,1503.263678
-4,534,1503.639467
-4,541,1504.011474
-4,575,1504.439362
2,669,1504.968116
-4,562,1505.385998
-2,692,1505.924565
2,866,1506.62569
-2,710,1507.151276
-3,575,1507.561478
-4,667,1508.097046
-1,936,1508.821109
-4,624,1509.287861
-1,976,1510.051817
-4,480,1510.433796
-2,782,1511.054138
-1,920,1511.752106
-3,572,1512.166335
5,510,1512.548134
-4,486,1512.891965
-1,762,1513.431626
-5,442,1513.747045
-5,569,1514.152326
-2,687,1514.658601
-4,507,1515.00667
-2,915,1515.682321
-4,547,1516.073524
1,726,1516.621131
2,785,1517.247806
-1,841,1517.862351
3,657,1518.368616
1,887,1519.012739
-1,941,1519.733812
-2,769,1520.321323
-2,762,1520.909323
-4,571,1521.364694
1,881,1522.122886
-1,758,1522.675522
2,919,1523.373759
-2,894,1524.260123
1,797,1525.016785
-2,841,1525.833869
-4,516,1526.368429
1,897,1527.3003
4,605,1527.878147
-5,382,1528.226216
-4,464,1528.691041
1,957,1529.561366
-2,684,1530.199675
1,895,1531.130935
2,939,1532.056166
2,873,1532.895687
-4,520,1533.459987
-2,821,1534.302566
-1,1034,1535.356471
-2,724,1536.062078
-1,844,1536.908854
-3,768,1537.682149
3,679,1538.307144
-3,735,1538.984408
1,813,1539.784507
-2,801,1540.530231
-1,841,1541.36703
-3,592,1541.951786
-3,781,1542.6911
3,592,1543.266411
-5,431,1543.68729
-4,564,1544.229898
-4,518,1544.732371
-5,516,1545.228289
-2,850,1546.12848
-1,818,1546.933815
-5,401,1547.304823
-1,743,1548.063764
-1,1015,1549.072983
3,634,1549.677585
-3,744,1550.387856
-2,843,1551.151382
-1,892,1552.030317
-4,460,1552.493314
-2,1076,1553.496978
-3,671,1554.103055
2,897,1554.937553
-3,713,1555.59759
-3,876,1556.402418
-3,798,1557.177488
1,738,1557.911936
-5,468,1558.389948
2,674,1559.044341
4,551,1559.622177
-2,766,1560.353201
-5,478,1560.796996
-3,741,1561.562047
1,1085,1562.632327
-3,761,1563.321692
-4,546,1563.834344
-1,858,1564.706691
-4,521,1565.265924
-4,481,1565.755277
-5,515,1566.275815
-2,939,1567.225779
-1,1222,1568.561085
1,830,1569.352133
-1,871,1570.191491
-3,615,1570.748925
-3,688,1571.37226
-3,603,1571.947562
-3,657,1572.590417
-3,744,1573.328461
-3,684,1573.947122
-4,521,1574.418862
-4,539,1574.94458
-2,731,1575.668878
-4,464,1576.147392
-1,770,1576.941044
-3,863,1577.782369
2,722,1578.443018
-2,707,1579.08753
1,843,1579.868391
-2,846,1580.646494
-3,635,1581.296055
-3,606,1581.882632
-1,951,1582.81653
3,615,1583.431578
5,556,1583.991616
-5,423,1584.404171
-4,585,1584.974639
3,569,1585.563124
-4,453,1586.014442
-2,722,1586.728227
-1,774,1587.499857
-4,477,1587.994297
1,861,1588.878698
-2,737,1589.629377
-4,519,1590.134828
4,491,1590.608052
-2,699,1591.284105
-1,1049,1592.263994
-5,443,1592.672937
-2,746,1593.374426
-3,815,1594.165517
-2,814,1594.939119
-3,822,1595.693467
-3,650,1596.296266
-2,770,1597.070338
-2,876,1597.929453
-3,608,1598.545481
2,828,1599.400148
2,869,1600.204931
3,782,1600.938277
-3,669,1601.587488
-3,798,1602.40495
-5,540,1602.948463
-4,646,1603.579076
-1,806,1604.367428
-2,880,1605.221137
-2,679,1605.923276
-5,380,1606.278217
-1,989,1607.271129
-3,768,1608.064055
-1,867,1608.924993
-1,997,1609.893047
-5,538,1610.425503
-3,596,1610.98401
2,749,1611.699318
-1,1024,1612.663004
-1,752,1613.447963
-3,586,1613.98028
-2,666,1614.654687
-5,438,1615.078525
-5,399,1615.469415
2,787,1616.249763
-2,756,1617.038963
1,1029,1618.011884
-2,800,1618.765473
4,737,1619.510459
-2,713,1620.187809
-3,580,1620.740496
-4,547,1621.430453
2,836,1622.041442
1,780,1622.61726
-1,902,1623.255908
-2,635,1623.727704
-1,856,1624.361933
-4,608,1624.815418
-2,719,1625.355135
2,748,1625.914405
-1,887,1626.528762
-2,738,1627.077781
-1,828,1627.66375
-3,631,1628.104967
3,646,1628.56773
-2,669,1629.061623
3,624,1629.535288
-4,558,1629.936227
-4,593,1630.377469
-3,607,1630.830195
4,570,1631.252805
-2,873,1631.928411
-4,527,1632.309106
-2,762,1632.859454
1,964,1633.561751
-1,822,1634.146161
-2,782,1634.831249
2,800,1635.445803
-4,589,1635.948387
-4,480,1636.291469
-4,588,1636.727652
-1,777,1637.266211
2,724,1637.811118
-4,499,1638.19549
2,695,1638.721766
-3,727,1639.290246
3,688,1639.767967
-2,768,1640.411724
-2,723,1640.935444
-1,822,1641.526371
-5,427,1641.827943
-1,804,1642.435906
-1,812,1643.045348
-4,543,1643.449424
3,637,1643.919369
-4,558,1644.911419
-3,538,1645.326418
-3,602,1645.746785
-2,794,1646.364444
-5,419,1646.683292
-2,630,1647.160372
-3,670,1647.655397
-5,531,1648.062165
1,966,1648.750121
3,696,1649.242803
-4,554,1649.638744
1,819,1650.24657
1,869,1650.882611
4,604,1651.337824
-5,433,1651.669273
-1,803,1652.254451
-4,675,1652.748271
-2,784,1653.308907
-2,678,1653.801538
-5,414,1654.087773
-1,882,1654.714437
-2,748,1655.242244
2,748,1655.787355
-2,748,1656.328218
-3,746,1656.860731
-3,677,1657.347874
2,637,1657.819656
-3,674,1658.295977
2,703,1658.794947
-2,831,1659.378387
5,563,1659.802456
4,543,1660.208128
1,923,1660.864531
-2,708,1661.387774
-4,542,1661.767939
-3,702,1662.321941
4,574,1662.772618
-5,432,1663.072345
-3,666,1663.55976
-2,683,1664.055682
-5,424,1664.358331
-1,749,1664.87769
2,723,1665.396223
-5,446,1665.851294
-3,632,1666.349445
-5,397,1666.650025
-2,668,1667.113783
2,751,1667.672477
-3,716,1668.173347
1,849,1668.800253
-5,400,1669.098042
1,1004,1669.855257
3,687,1670.343359
-3,547,1670.727332
-1,767,1671.278101
-4,584,1671.722575
2,745,1672.477356
3,716,1673.159975
-1,775,1674.019211
-3,628,1674.620863
-3,742,1675.394405
-5,392,1675.751821
-5,419,1676.141105
3,743,1676.865018
1,986,1677.82555
-3,632,1678.476936
-5,491,1678.967552
1,960,1679.865437
1,825,1680.65648
1,813,1681.409851
-3,623,1681.984244
-5,419,1682.402839
-4,518,1682.904876
2,737,1683.600226
5,485,1684.127765
-3,702,1684.830724
-4,556,1685.388926
1,988,1686.416987
-3,688,1687.679609
-5,484,1688.352808
-5,455,1689.225475
-2,778,1690.403324
-2,701,1691.426587
3,609,1692.178577
-2,770,1693.282623
-3,689,1694.32888
-2,660,1695.294297
-3,579,1696.122082
-2,644,1697.070545
4,586,1697.915286
-3,596,1698.764016
-2,856,1699.916488
2,741,1700.741282
-1,707,1701.568072
-2,785,1702.568394
-3,654,1703.338337
-4,497,1703.886869
-4,500,1704.502223
-3,786,1705.403811
1,904,1707.368559
-4,550,1708.77879
1,962,1711.496261
-1,900,1716.572405
1,736,1719.92581
-5,381,1720.456391
-3,673,1721.397875
-5,550,1722.165371
-5,474,1722.782755
-2,755,1723.719225
-3,620,1724.484168
1,884,1725.694932
-4,848,1726.722953
-4,546,1727.476235
3,865,1728.789247
-1,820,1730.650273
-2,662,1731.798307
-1,939,1732.950505
5,504,1733.521971
1,822,1734.307711
-2,746,1735.004845
4,594,1735.553377
-5,479,1735.984225
-2,735,1736.663515
-2,764,1737.358651
2,857,1738.155582
-2,709,1738.84407
-4,532,1739.359074
-5,539,1739.882595
-2,802,1740.644618
2,728,1741.421303
-2,791,1742.266597
3,571,1742.787359
3,729,1743.469537
-1,870,1744.322792
-2,883,1745.193351
-3,551,1745.702789
-2,703,1746.394727
-3,704,1747.050454
-5,600,1747.637785
-2,940,1748.527129
-3,627,1749.131571
-4,721,1749.794583
1,990,1750.719569
-2,735,1751.401508
4,540,1751.923554
3,833,1752.743573
-2,741,1753.433179
1,1006,1754.370608
4,600,1754.931526
-4,517,1755.443379
1,945,1756.425072
-3,602,1757.104128
-3,718,1757.855747
-5,367,1758.255167
2,697,1758.971147
2,950,1759.921625
2,817,1760.671935
-1,756,1761.360097
2,769,1762.06025
-1,971,1762.989711
-1,716,1763.649521
-3,623,1764.276087
-2,675,1764.923928
-2,640,1765.503776
-1,922,1766.38086
-3,716,1767.03612
-3,573,1767.617988
-5,507,1768.11398
-4,574,1768.639575
-4,553,1769.176975
2,896,1770.036189
1,867,1770.836949
-1,855,1771.608885
-5,494,1772.087822
-4,654,1772.735878
-3,612,1773.387882
-2,755,1774.094455
-4,583,1774.696536
-4,490,1775.178191
-1,893,1776.074748
4,538,1776.60016
-3,609,1777.169557
-5,433,1777.572636
-2,687,1778.26738
4,565,1778.798366
-2,780,1779.500895
-5,490,1780.006913
-1,846,1780.882246
3,716,1781.579019
-5,480,1782.024694
-4,722,1782.687541
5,394,1783.039598
-1,797,1783.756681
1,844,1784.702223
-2,823,1785.531321
4,541,1786.072221
-5,378,1786.452093
-3,605,1787.071958
-5,498,1787.581111
-1,924,1788.494092
-3,688,1789.238678
-5,478,1789.857911
-3,780,1790.491119
-5,425,1790.819081
-4,567,1791.228437
-3,621,1791.707162
-3,767,1792.272328
-3,556,1792.663187
-4,478,1792.991689
-2,814,1793.587481
-4,699,1794.128507
3,828,1794.730013
3,706,1795.232163
-2,662,1795.693679
3,637,1796.135546
2,700,1796.651407
-3,662,1797.149883
-4,513,1797.536917
2,855,1798.238376
-2,647,1798.71353
1,796,1799.396701
-1,956,1800.103517
-1,879,1800.855172
-4,527,1801.257904
-2,727,1801.77193
-3,761,1802.314815
-1,772,1802.870975
-3,639,1803.329923
-1,910,1803.987135
-4,559,1804.384021
1,925,1805.069734
-3,678,1805.581448
-2,763,1806.146078
-3,607,1806.588972
-2,723,1807.097455
-2,671,1807.801607
-1,997,1808.512885
-4,590,1808.938154
-3,822,1809.538641
-3,668,1810.00043
-3,727,1810.515229
-3,735,1811.055957
-2,682,1811.550055
-2,669,1812.064954
-4,530,1812.450461
1,794,1813.076594
-1,787,1813.667291
-4,487,1814.029787
-1,833,1814.651547
-2,751,1815.215845
-2,746,1815.772101
-4,517,1816.15785
-4,528,1816.530557
-5,635,1816.99643
-3,685,1817.506982
-4,605,1817.950121
-2,773,1818.499649
-1,853,1819.094062
-3,631,1819.588576
-3,658,1820.05433
-4,522,1820.413369
-2,716,1820.965385
-5,450,1821.326643
1,787,1821.899433
-2,783,1822.463391
3,758,1823.007105
-4,670,1823.478214
-1,768,1824.014399
2,885,1824.690782
-1,839,1825.401619
2,750,1825.971058
-1,847,1826.627269
-2,788,1827.215412
-2,654,1827.683194
4,700,1828.185619
-1,824,1828.778681
2,806,1829.342302
-4,498,1829.693746
-3,602,1830.112606
-3,564,1830.520119
-1,821,1831.144078
-3,683,1831.661968
-4,513,1832.067578
-1,819,1832.669937
1,859,1833.313205
-1,930,1834.018662
1,819,1834.613182
-2,767,1835.172057
-1,765,1835.740753
-1,859,1836.351164
-1,834,1836.991231
-4,645,1837.461233
-1,819,1838.07825
2,756,1838.624746
3,648,1839.091367
-2,672,1839.595316
1,877,1840.262177
3,667,1840.765155
-1,798,1841.358982
-2,738,1841.876377
2,663,1842.375473
-1,773,1843.279021
-2,704,1844.008279
-1,898,1844.889124
-5,393,1845.274152
1,884,1846.225331
-2,727,1846.949316
-4,553,1847.472939
1,789,1848.224363
3,571,1848.780397
-1,1040,1849.764449
-4,543,1850.257131
-4,504,1850.717898
-2,840,1851.491542
-3,589,1852.096289
1,971,1853.123633
-3,759,1853.868188
1,788,1854.666668
-5,477,1855.111478
2,867,1855.918636
-5,602,1856.459191
-2,843,1857.261586
1,942,1858.223793
-2,706,1858.882263
-1,869,1859.691979
2,788,1860.401081
-4,536,1860.886781
-3,816,1861.638772
-3,748,1862.396018
-5,428,1862.788018
4,550,1863.310322
-3,759,1864.048726
-4,557,1864.575559
-4,537,1865.065858
-5,368,1865.4016
5,716,1866.093376
-3,624,1866.693779
-3,625,1867.254279
-4,469,1867.698348
4,544,1868.222907
4,493,1868.730205
3,647,1869.4401
-3,635,1870.054396
-4,549,1870.657035
-1,883,1871.537798
1,938,1872.440203
3,726,1873.117493
-3,704,1873.819278
-4,500,1874.269073
-2,690,1874.892409
-2,704,1875.924397
-2,840,1876.801292
-4,566,1877.365119
-1,737,1878.093083
-2,800,1878.827177
-4,537,1879.320019
-5,454,1879.736902
-2,774,1880.46112
-5,382,1880.834793
-2,768,1881.567832
2,1001,1882.471417
-2,701,1883.137633
2,740,1883.870468
1,787,1884.624717
-1,981,1885.59479
-3,762,1886.343343
2,707,1886.985516
-1,953,1887.966418
2,781,1888.703666
-3,875,1889.513749
-2,773,1890.263532
-3,572,1890.819324
1,982,1891.713218
-3,685,1892.343937
-4,503,1892.839748
-5,408,1893.244143
-2,928,1894.154873
-2,774,1894.852034
2,738,1895.56211
-1,789,1896.416824
-3,733,1897.385413
-4,557,1897.945914
-4,510,1898.536335
-3,842,1899.489491
-2,918,1900.459054
1,814,1901.345629
-3,607,1901.909693
-4,634,1902.483747
-3,728,1903.119048
4,683,1903.716449
-4,868,1904.466445
-4,500,1905.01797
-2,704,1905.878232
-4,510,1906.364931
-1,795,1907.250561
-5,381,1907.713883
-2,788,1908.599513
-1,869,1909.470184
-5,520,1910.006751
-3,670,1910.694385
2,769,1911.515299
-4,666,1912.159578
-4,499,1912.906578
-5,392,1913.424194
-2,843,1914.306178
-3,824,1915.062156
-2,704,1915.710788
4,573,1916.228462
-2,836,1917.038057
4,586,1917.611928
-3,580,1918.167419
-3,686,1918.86615
-3,655,1919.566613
-2,702,1920.237816
3,635,1920.864601
-1,825,1921.68077
-3,553,1922.178463
-5,572,1922.702749
-2,742,1923.541799
-2,767,1924.339502
1,887,1925.161951
-2,728,1925.888012
3,607,1926.473449
-2,718,1927.133443
2,698,1927.822417
-2,791,1928.582633
-1,770,1929.348783
-5,397,1929.752654
-3,558,1930.312135
-1,925,1931.193599
-1,972,1932.076838
5,483,1932.553626
-2,681,1933.238664
-4,524,1933.742278
-3,677,1934.408942
-2,716,1935.095428
-5,441,1935.524531
-3,659,1936.141235
3,580,1936.675124
-4,566,1937.242584
4,619,1937.808959
3,612,1938.368846
-2,778,1939.104124
4,546,1939.601876
-5,434,1940.001016
-3,574,1940.528224
-4,545,1941.141783
3,630,1941.638546
-3,718,1942.145242
5,480,1942.483759
1,797,1943.049652
3,714,1943.582275
-2,774,1944.165
-2,723,1944.716427
-1,952,1945.415722
3,666,1945.913468
-2,692,1946.437892
2,941,1947.10853
-2,687,1947.650985
1,887,1948.334733
-4,534,1948.743752
-4,522,1949.186207
-2,707,1949.686266
-4,512,1950.051787
-5,557,1950.464052
1,896,1951.133309
-1,840,1951.725599
-2,656,1952.222144
1,807,1952.819939
-5,459,1953.164213
-4,660,1953.659159
-3,608,1954.113981
-2,720,1954.652621
1,915,1955.317462
-1,701,1955.819868
1,819,1956.492069
1,952,1957.225349
-2,720,1957.791077
-3,558,1958.206484
-3,665,1958.731375
-2,627,1959.184685
1,848,1959.816925
3,648,1960.286359
-1,903,1960.941145
-5,517,1961.305463
1,895,1961.947621
-1,853,1962.587675
4,547,1962.996769
-5,407,1963.313922
-2,732,1963.852492
-5,424,1964.155249
-3,580,1964.584693
-2,708,1965.132205
1,920,1965.850985
-2,846,1966.504399
-4,563,1966.899712
-1,1038,1967.648081
-5,443,1967.949276
-2,810,1968.558554
1,783,1969.132982
3,736,1969.777194
-3,625,1970.247535
-2,640,1970.775123
-2,737,1971.307584
2,822,1971.933803
-4,590,1972.381495
-3,603,1972.844562
-4,545,1973.235819
-2,955,1973.949
-3,656,1974.416995
-2,669,1974.895024
-3,645,1975.358879
-3,668,1975.854856
-3,615,1976.281523
2,758,1976.797145
-2,757,1977.310771
3,652,1977.755582
3,714,1978.264753
-2,793,1978.844018
3,556,1979.251131
-2,817,1979.832311
3,604,1980.269531
-1,819,1980.863371
-1,760,1981.437418
3,619,1981.842069
5,600,1982.261953
-1,837,1982.832429
-3,631,1983.259285
1,906,1983.884336
-2,669,1984.367939
-5,454,1984.685386
2,869,1985.290073
3,668,1985.758171
-4,604,1986.185238
1,849,1986.768667
-4,532,1987.13933
-5,507,1987.512498
-4,543,1987.905314
-1,831,1988.487757
-4,599,1988.912935
-3,575,1989.320984
-3,583,1989.746604
-2,650,1990.205872
-2,817,1990.806587
-3,578,1991.236371
-5,425,1991.542816
3,733,1992.071014
-2,821,1992.822948
-2,716,1993.49523
-3,637,1994.11075
-2,733,1994.773923
-2,773,1995.503168
-2,751,1996.222139
2,850,1997.017192
-2,675,1997.690741
-2,763,1998.448905
-4,573,1998.972682
5,550,1999.510002
-2,758,2000.257146
-2,700,2000.886089
-2,721,2001.541067
-3,737,2002.196498
-5,620,2002.739046
-3,638,2003.326964
-4,563,2003.834793
-5,402,2004.222171
-5,838,2005.079025
-3,717,2005.74464
-3,928,2006.606677
-5,588,2007.228493
-3,890,2008.090264
-5,570,2008.606544
-1,1049,2009.568451
1,829,2010.308874
-1,859,2011.080248
-2,904,2011.944589
1,833,2012.728686
-2,753,2013.501249
3,782,2014.243757
-4,670,2014.901607
2,736,2015.599517
-1,897,2016.414938
-4,538,2016.980269
-2,793,2017.756468
-1,925,2018.594957
4,533,2019.113484
-1,940,2019.947824
-4,481,2020.372687
-1,799,2021.076804
-2,813,2021.868798
1,952,2022.718048
-1,886,2023.490982
-5,535,2023.981633
-4,558,2024.496046
-3,630,2025.091139
-1,886,2025.96496
-1,940,2026.822859
-2,748,2027.500002
-1,918,2028.327788
-1,847,2029.169358
-1,1044,2030.184057
2,879,2031.036674
-2,681,2031.64804
-1,830,2032.375094
-4,518,2032.839851
-3,573,2033.357468
-4,619,2033.906997
-4,823,2034.682276
-1,848,2035.430246
-3,586,2035.9474
-2,646,2036.519871
1,794,2037.250915
1,1081,2038.360906
-1,782,2039.095192
3,745,2039.774124
1,787,2040.47924
-2,674,2041.072652
5,459,2041.474576
-3,641,2042.080327
-5,629,2042.632285
-4,458,2043.038199
-4,640,2043.635829
-2,764,2044.329007
-2,922,2045.204188
-4,607,2045.763859
3,672,2046.447696
-4,484,2046.953639
-3,671,2047.566756
-3,670,2048.207633
3,864,2048.972589
-4,574,2049.488207
5,501,2049.956796
-3,704,2050.623183
-2,689,2051.258961
-4,553,2051.747223
3,671,2052.350611
-3,759,2053.031793
-2,651,2053.60927
-4,525,2054.079991
-1,864,2054.839958
3,726,2055.494911
-2,746,2056.223157
1,758,2056.897354
2,849,2057.64336
-1,834,2058.409491
4,590,2058.946094
2,789,2059.66529
-3,602,2060.224092
-3,612,2060.813191
-2,631,2061.544756
-4,575,2062.081165
-5,384,2062.435217
2,807,2063.164861
1,1009,2064.328816
1,801,2065.086681
1,982,2065.950384
-1,814,2066.691912
-3,633,2067.307135
-3,707,2067.948801
3,588,2068.467404
2,788,2069.186953
2,675,2069.795896
-5,404,2070.225335
-4,552,2070.78532
-5,414,2071.170052
-1,875,2072.006893
-4,609,2072.647168
-5,449,2073.112945
-3,560,2073.672513
-2,749,2074.391756
-3,624,2074.955364
2,708,2075.585302
-4,566,2076.102385
5,546,2076.590938
2,747,2077.33049
2,747,2078.043143
-4,589,2078.588682
-1,774,2079.27784
1,785,2079.982955
1,796,2080.703027
-2,810,2081.422104
2,691,2082.030478
-3,639,2082.597549
-4,484,2083.025405
-1,909,2083.860451
-1,781,2084.572214
1,745,2085.268537
2,968,2086.111986
3,757,2086.655025
-2,682,2087.133908
2,673,2087.635134
1,876,2088.974871
4,523,2089.337442
-2,772,2089.888688
4,532,2090.274936
-2,651,2090.739145
-3,596,2091.143064
-1,825,2091.699577
-2,826,2092.284096
-2,743,2092.866241
-4,594,2093.315735
-2,680,2093.816754
3,763,2094.391101
1,778,2094.92268
-4,475,2095.265266
-2,730,2095.800518
3,630,2096.226381
-1,868,2096.827703
2,740,2097.343865
-1,882,2097.941269
-3,746,2098.446918
-3,611,2098.87078
2,689,2099.359215
2,807,2099.911458
-2,890,2100.538473
-2,716,2101.039369
-3,633,2101.478802
-5,425,2101.769026
-4,564,2102.164966
1,778,2102.725792
3,618,2103.172402
-1,770,2103.712027
2,676,2104.1708
-4,511,2104.513881
-4,521,2104.896649
-4,563,2105.301268
3,611,2105.713166
-1,700,2106.211071
-3,603,2106.62284
-3,578,2107.023227
-1,811,2107.603783
4,573,2108.003713
-3,615,2108.434753
-2,726,2108.983938
3,606,2109.437861
2,705,2109.917047
-5,466,2110.259414
-4,543,2110.626435
-5,421,2110.918338
-3,540,2111.303857
-4,524,2111.68577
-3,605,2112.120787
-1,832,2112.69352
-3,615,2113.130952
-4,540,2113.496157
2,756,2114.018523
3,738,2114.555615
2,684,2115.034151
-2,678,2115.512732
-4,490,2115.874099
-4,535,2116.261591
-1,806,2116.805205
-2,629,2117.258489
-3,774,2117.81688
-5,443,2118.133068
-1,877,2118.745982
2,755,2119.260429
-2,753,2119.845876
-3,665,2120.370461
-4,513,2120.742733
-4,570,2121.194749
-1,748,2121.817085
-1,855,2122.509314
-1,722,2123.073189
-3,612,2123.512368
4,698,2124.011354
-2,639,2124.47381
-2,700,2125.03121
4,563,2125.442109
-4,571,2125.858623
1,889,2126.54379
-3,680,2127.012637
-2,680,2127.496346
-3,615,2127.928815
2,701,2128.40788
-1,950,2129.074905
-1,866,2129.705804
4,645,2130.204314
-4,535,2130.583838
1,859,2131.176137
-2,675,2131.656718
4,546,2132.036028
-1,846,2132.619087
-1,877,2133.214193
-3,562,2133.613569
-4,642,2134.047406
-2,799,2134.597806
3,660,2135.213651
-1,915,2136.044816
-3,598,2136.5816
-2,848,2137.393862
-1,1502,2138.81257
-4,527,2139.288455
-4,494,2139.732267
-3,599,2140.259857
1,848,2141.061297
-1,848,2141.872276
-3,624,2142.517937
-2,682,2143.201369
-3,630,2143.763734
1,955,2144.659769
1,752,2145.336698
-3,608,2145.98454
-3,637,2146.570695
-1,893,2147.440486
-2,752,2148.141315
-4,512,2148.597079
-4,480,2149.032035
-2,789,2149.811766
4,617,2150.373709
-1,756,2151.080431
3,618,2151.633951
1,785,2152.322109
3,722,2152.961419
-1,828,2153.683469
-4,585,2154.215743
-1,779,2154.900887
-3,564,2155.396563
1,906,2156.728692
-3,636,2157.384448
-3,674,2158.029248
-1,842,2158.787907
-1,877,2159.570491
-3,720,2160.253819
-2,905,2161.108121
4,548,2161.6109
3,575,2162.20228
-2,653,2162.820048
1,1048,2163.772318
-5,419,2164.14539
3,605,2164.731712
-1,1088,2165.711304
-3,823,2166.459728
-2,821,2167.224182
-4,587,2167.769075
2,911,2168.65874
-5,367,2168.975885
-4,736,2169.651061
-2,714,2170.279381
-4,554,2170.781851
4,559,2171.284899
2,737,2172.009778
-1,795,2172.789058
4,552,2173.371606
-2,711,2174.047197
1,773,2174.829519
-1,1040,2175.769855
-4,533,2176.309343
-4,641,2176.900389
-2,686,2177.503803
-2,674,2178.097215
-4,489,2178.536041
-1,745,2179.226609
-4,526,2179.781506
3,687,2180.452682
-3,617,2181.001213
2,708,2181.63053
-4,450,2182.043968
1,853,2182.841033
-4,577,2183.360801
-5,443,2183.787345
-2,657,2184.371428
-3,625,2184.960408
-1,823,2185.713265
-5,474,2186.145727
-2,743,2186.875519
-4,547,2187.444055
-2,763,2188.245911
-3,616,2188.873245
1,754,2189.645532
-3,686,2190.386604
-4,541,2190.932145
-5,396,2191.32609
2,805,2192.09703
-3,647,2192.740309
-3,721,2193.486314
-4,564,2194.054648
-3,603,2194.607168
2,713,2195.228506
-2,784,2195.933096
-3,602,2196.47376
1,769,2197.149956
-2,680,2197.805753
4,500,2198.311193
4,556,2198.806868
-3,637,2199.368367
2,876,2200.163241
-2,718,2200.844443
-3,770,2201.56843
-5,429,2201.952949
-3,582,2202.465167
-4,517,2202.941894
1,1068,2203.921346
-3,623,2204.484323
4,523,2204.979997
-3,700,2205.685949
-5,390,2206.083915
-2,643,2206.730596
-4,574,2207.33754
3,680,2208.033644
-2,765,2208.720491
-4,563,2209.230035
-2,835,2209.994729
-2,912,2210.796608
-2,901,2211.655628
-1,937,2212.606904
-3,735,2213.270729
-1,906,2214.138821
-2,840,2214.924537
-2,846,2215.668547
2,757,2216.349725
-3,579,2216.861357
-5,475,2217.283229
-2,720,2217.94913
3,651,2218.527881
-2,627,2219.136099
-2,753,2219.801321
-4,566,2220.314407
5,506,2220.763453
-4,509,2221.28578
-1,833,2222.076368
5,520,2222.55532
-2,761,2223.223535
-2,769,2223.911692
-1,770,2224.597716
-4,551,2225.091428
-1,782,2225.803453
-5,439,2226.194432
5,422,2226.569406
-2,709,2227.19174
-3,790,2227.942397
-5,457,2228.42071
-1,831,2229.332356
-5,430,2229.64586
-2,706,2230.155393
-2,735,2230.660846
2,745,2231.169827
2,1130,2231.976759
-4,601,2232.420076
1,892,2233.067281
-1,806,2233.63589
-2,732,2234.156745
-2,876,2234.794266
4,704,2235.271988
-3,592,2235.683853
-4,567,2236.065833
4,599,2236.480136
4,920,2237.175751
1,770,2237.726752
-3,714,2238.239182
1,806,2238.818609
-1,845,2239.427551
-4,526,2239.822084
2,939,2240.500498
-1,897,2241.107874
1,853,2241.726488
2,740,2242.238293
-3,609,2242.652184
-1,918,2243.280611
-3,734,2243.793511
2,943,2244.455132
3,697,2244.942218
-3,608,2245.377364
3,672,2245.857584
5,452,2246.165759
-2,769,2246.725623
-1,1010,2247.472033
-4,619,2247.900573
-4,457,2248.220418
-3,768,2248.7645
-1,786,2249.298075
-1,811,2249.86057
2,718,2250.363188
1,755,2250.917857
2,809,2251.480568
-1,795,2252.061114
-3,680,2252.56157
-2,777,2253.175541
-2,824,2253.752378
-5,413,2254.056468
-4,519,2254.412516
1,1053,2255.153905
2,791,2255.698243
-2,675,2256.16886
-2,777,2256.706784
-3,697,2257.212344
-5,456,2257.535945
2,698,2258.029331
1,856,2258.657847
4,537,2259.043588
-3,717,2259.557559
-4,552,2259.953162
-3,672,2260.414482
-1,910,2261.073182
-1,879,2261.683443
3,723,2262.196594
1,822,2262.791441
-4,605,2263.245162
3,839,2263.83631
-1,888,2264.455846
-4,523,2264.834359
2,931,2265.501109
-4,519,2265.897546
-1,832,2266.499657
-3,765,2267.072465
-3,578,2267.498512
-3,644,2267.968582
-4,481,2268.328067
-3,645,2268.801506
-1,867,2269.45414
-1,935,2270.106296
-2,662,2270.56108
-3,839,2271.147831
-4,684,2271.64264
-2,766,2272.173608
-4,539,2272.547878
-4,615,2272.975878
-5,448,2273.288169
-2,900,2273.929862
-2,805,2274.492977
-3,546,2274.890561
-4,483,2275.218982
-4,526,2275.591363
-2,763,2276.112141
-2,905,2276.756623
1,915,2277.393398
-4,466,2277.726234
-3,735,2278.237662
4,546,2278.617086
1,862,2279.205483
-1,1042,2279.936476
-3,625,2280.374005
-4,681,2281.041095
-3,759,2282.609697
-3,628,2283.206235
-2,914,2284.129442
2,780,2284.818098
-5,466,2285.316164
-1,907,2286.203913
-3,566,2286.717532
3,714,2287.344788
-2,825,2288.070846
2,774,2288.755016
-1,876,2289.544904
-1,831,2290.311853
2,797,2291.009986
-4,525,2291.51156
-3,743,2292.261691
-3,789,2292.99118
-1,862,2293.75511
-3,685,2294.356526
-4,546,2294.881371
-3,716,2295.52877
1,846,2296.290732
3,605,2296.832869
-2,909,2297.659322
-3,770,2298.349613
2,758,2299.024807
-2,654,2299.609296
-3,591,2300.146856
4,634,2300.716335
3,707,2301.413333
-4,562,2301.931283
-1,842,2302.713192
1,945,2303.570208
-3,689,2304.207495
1,894,2304.997697
-5,465,2305.416577
-5,445,2305.816505
2,929,2306.631326
1,872,2307.420846
-5,371,2307.745285
-2,794,2308.525233
-3,658,2309.121003
-3,724,2309.779523
-1,805,2310.544915
-5,515,2311.024499
-3,590,2311.609414
-4,705,2312.256967
-5,424,2312.626978
3,776,2313.30937
-1,1057,2314.279707
-3,662,2314.934576
3,738,2315.625871
4,614,2316.162404
-5,554,2316.649696
-4,671,2317.324652
-5,484,2317.785465
1,806,2318.571317
-4,516,2319.064522
2,717,2319.74908
-3,522,2320.259769
1,1017,2321.204377
3,607,2321.808873
1,935,2322.745917
-4,657,2323.406132
-4,554,2323.940023
-1,820,2324.69928
-1,859,2325.456256
-4,492,2325.94826
-3,652,2326.523113
2,792,2327.257313
-1,834,2328.023704
5,552,2328.513396
-3,559,2329.050153
1,813,2329.780113
2,950,2330.761296
-4,609,2331.355524
1,828,2332.084575
-5,451,2332.480516
-3,707,2333.173504
1,822,2333.959501
3,693,2334.651776
-3,735,2335.303035
-4,614,2335.849575
-2,746,2336.528068
2,734,2337.171366
-3,676,2337.776842
-1,917,2338.587421
-3,713,2339.247889
-4,539,2339.763244
-3,655,2340.369257
1,913,2341.171114
-3,537,2341.655643
-3,649,2342.287493
-3,700,2342.947435
-3,604,2343.522517
4,557,2344.012195
-1,1159,2345.091685
-1,1016,2346.014321
-2,936,2346.879612
-4,495,2347.312455
2,748,2347.991402
-3,605,2348.572949
2,775,2349.396251
-3,680,2350.025527
-1,788,2350.734693
3,658,2351.31913
3,654,2351.924463
-5,457,2352.361887
-2,741,2353.071562
-5,497,2353.537758
-5,425,2353.935083
-3,670,2354.589121
-3,710,2355.259102
5,434,2355.684187
-5,399,2356.056726
-5,491,2356.485579
-3,998,2357.396144
-5,410,2357.83215
2,638,2358.482316
-4,597,2359.085704
-2,685,2359.769657
-4,548,2360.259348
2,787,2360.96748
-3,649,2361.532947
-2,810,2362.303264
-2,795,2362.997409
2,645,2363.56888
-2,732,2364.224125
-3,645,2364.790623
-2,737,2365.529006
-3,674,2366.143234
-1,870,2366.984934
-1,912,2367.906672
-5,525,2368.392278
2,864,2369.167768
-3,644,2369.818378
-3,625,2370.411715
-5,438,2370.80469
-2,733,2371.453713
-2,694,2372.164315
4,534,2372.663116
-1,751,2373.381452
-1,899,2374.188034
-1,711,2374.791475
3,719,2375.299283
-1,805,2375.866905
-3,577,2376.275536
-1,842,2376.87047
-5,472,2377.201054
-2,780,2377.835313
2,667,2378.290871
1,858,2378.871902
-4,643,2379.333861
-1,881,2379.957712
4,545,2380.349537
2,803,2380.92119
2,741,2381.47721
1,837,2382.072922
2,743,2382.623541
-1,842,2383.209901
4,606,2383.623793
-3,709,2384.131183
-2,755,2384.659728
4,628,2385.096127
-3,668,2385.590804
-2,716,2386.097821
1,822,2386.736643
1,933,2387.437973
-2,670,2387.912744
-4,562,2388.312249
-3,607,2388.758428
-4,681,2389.241615
-3,665,2389.716373
2,840,2390.306212
-2,670,2390.76164
1,743,2391.265534
-2,760,2391.807357
3,616,2392.222223
-3,613,2392.647374
-3,579,2393.045272
3,696,2393.535049
-1,746,2394.075056
-3,680,2394.555993
1,825,2395.116494
-5,377,2395.38857
-4,591,2395.801543
-2,685,2396.291541
-1,939,2396.972636
-1,983,2397.680239
-1,976,2398.387583
-3,612,2398.82822
3,698,2399.34287
-2,718,2399.859114
-3,575,2400.250572
-2,655,2400.705103
-1,825,2401.257626
-3,717,2401.763182
1,1052,2402.507629
-4,613,2402.953402
2,824,2403.534503
3,650,2403.994576
2,836,2404.59773
-5,447,2404.918888
-3,600,2405.335943
-3,560,2405.729955
-4,481,2406.077547
-1,793,2406.638627
-2,769,2407.176377
4,581,2407.581392
2,712,2408.098138
-2,751,2408.634618
2,782,2409.179094
-3,777,2409.715681
1,786,2410.263501
-3,721,2410.779531
-4,623,2411.223736
-3,584,2411.634814
-1,733,2412.137231
-3,745,2412.65817
-1,841,2413.328979
-4,658,2413.791458
-1,808,2414.364527
-4,565,2414.762536
-2,784,2415.317229
-3,717,2415.825541
1,895,2416.453203
-3,696,2416.945533
4,645,2417.379366
2,707,2417.887673
4,584,2418.288681
-2,726,2418.783358
2,764,2419.315234
-5,432,2419.674355
-5,397,2419.952336
-4,579,2420.34728
-1,848,2420.921743
-3,670,2421.373536
-1,797,2421.935346
1,810,2422.502391
1,874,2423.123946
-3,700,2423.64547
-1,747,2424.175338
-5,397,2424.459482
4,628,2425.066965
