EpisodesSoFar,EpThisIter,loss_ent,loss_vf_loss,EpRewMean,TimeElapsed,loss_kl,EpLenMean,ev_tdlam_before,TimestepsSoFar,loss_pol_entpen,loss_pol_surr
6,6,2.0722208,0.025474945,-3.6666666666666665,10.337749004364014,0.0074981097,580.8333333333334,0.21759939193725586,4096,0.0,-0.009836935
12,6,2.0598311,0.022466922,-2.6666666666666665,23.549109935760498,0.008902269,681.75,0.7349719107151031,8192,0.0,-0.009985156
17,5,2.0462172,0.028558524,-2.4705882352941178,41.92533802986145,0.007267256,685.1764705882352,0.8196130841970444,12288,0.0,-0.009704061
23,6,2.0461721,0.027848609,-2.347826086956522,51.79455208778381,0.0073342193,686.1739130434783,0.8575266748666763,16384,0.0,-0.009327374
29,6,2.0344362,0.03033413,-2.5517241379310347,58.03967499732971,0.007029307,680.2413793103449,0.8457344025373459,20480,0.0,-0.011997502
36,7,2.0322433,0.027050354,-2.5555555555555554,64.4128270149231,0.008641307,668.7777777777778,0.8591731190681458,24576,0.0,-0.011104974
41,5,2.0313382,0.028443204,-2.5853658536585367,71.29862403869629,0.005744004,682.5121951219512,0.8569027483463287,28672,0.0,-0.010450969
47,6,2.0043812,0.026639886,-2.4680851063829787,77.77874398231506,0.007552376,696.9787234042553,0.8820807710289955,32768,0.0,-0.010921845
53,6,1.9967558,0.024920447,-2.5283018867924527,84.00845408439636,0.006242889,693.2264150943396,0.8964967206120491,36864,0.0,-0.0115947
58,5,1.9923159,0.029086813,-2.3448275862068964,90.57313203811646,0.0074055064,697.3275862068965,0.8709106147289276,40960,0.0,-0.01393028
64,6,1.9746691,0.025841601,-2.265625,97.20741987228394,0.006425138,701.53125,0.8942898958921432,45056,0.0,-0.011566408
70,6,1.9613596,0.021787254,-2.342857142857143,103.4018280506134,0.010456794,696.8571428571429,0.8928090706467628,49152,0.0,-0.01664178
76,6,1.9181824,0.031157672,-2.473684210526316,110.42683601379395,0.006924009,693.7763157894736,0.8038595616817474,53248,0.0,-0.012421155
83,7,1.921903,0.034422334,-2.4578313253012047,118.60362911224365,0.0042873723,690.1686746987951,0.8712438344955444,57344,0.0,-0.010852862
88,5,1.9028318,0.035994895,-2.4204545454545454,124.55320692062378,0.0054044407,694.5795454545455,0.8171236664056778,61440,0.0,-0.010161936
93,5,1.8744048,0.034048356,-2.4193548387096775,130.21112704277039,0.0061035454,696.9784946236559,0.8498908132314682,65536,0.0,-0.012098091
98,5,1.8518431,0.033328727,-2.3877551020408165,136.0521810054779,0.007535605,701.765306122449,0.8194993436336517,69632,0.0,-0.011574151
105,7,1.8496281,0.028357718,-2.35,141.66049003601074,0.007921106,705.59,0.8695939630270004,73728,0.0,-0.013028025
109,4,1.8639864,0.030574828,-2.32,151.3240602016449,0.00803508,712.58,0.8778005540370941,77824,0.0,-0.014018203
116,7,1.8754492,0.022533827,-2.39,161.25978899002075,0.008376545,703.85,0.8702512979507446,81920,0.0,-0.013353734
121,5,1.8327309,0.02943527,-2.37,169.12044310569763,0.0058305436,711.66,0.8215097486972809,86016,0.0,-0.01572123
127,6,1.8214121,0.020252382,-2.33,175.3600208759308,0.0072665825,711.78,0.9042102694511414,90112,0.0,-0.013748697
133,6,1.7735941,0.032421365,-2.2,181.585755109787,0.008973837,715.76,0.8679287731647491,94208,0.0,-0.011532949
139,6,1.7796289,0.027841719,-2.25,187.68587112426758,0.006720927,717.09,0.8633781522512436,98304,0.0,-0.014740231
144,5,1.7457227,0.037669126,-2.24,280.2611999511719,0.0066043395,708.0,0.8352168053388596,102400,0.0,-0.014017636
151,7,1.6861047,0.028802307,-2.26,288.281457901001,0.010141017,705.62,0.8272417038679123,106496,0.0,-0.015680205
156,5,1.6343794,0.02181796,-2.25,295.53959608078003,0.0055407854,712.28,0.8760746493935585,110592,0.0,-0.012131504
162,6,1.6699674,0.026148386,-2.38,302.77254915237427,0.0045390357,708.25,0.8889684900641441,114688,0.0,-0.010802998
167,5,1.6417426,0.020175288,-2.35,310.8161919116974,0.0069626146,712.74,0.8966287523508072,118784,0.0,-0.013073318
173,6,1.620458,0.02231062,-2.24,317.632924079895,0.00574064,723.48,0.8939671963453293,122880,0.0,-0.013254413
178,5,1.606121,0.03300602,-2.2,323.9140989780426,0.0039283587,721.43,0.836725503206253,126976,0.0,-0.013307207
184,6,1.5590281,0.034079984,-2.07,330.06087589263916,0.007981542,730.67,0.8308669626712799,131072,0.0,-0.014307136
190,6,1.5604068,0.032218874,-2.02,336.42235374450684,0.00629146,723.8,0.8616538643836975,135168,0.0,-0.014335208
196,6,1.6031525,0.022664169,-2.1,342.9953429698944,0.006109141,715.71,0.8761522471904755,139264,0.0,-0.013289741
203,7,1.5729134,0.024361432,-2.13,351.3209888935089,0.0068020704,707.17,0.900358147919178,143360,0.0,-0.015077237
209,6,1.5893291,0.024520885,-2.2,358.9385049343109,0.0064203567,700.9,0.843003511428833,147456,0.0,-0.01466573
215,6,1.5858665,0.01913022,-2.03,365.61111187934875,0.004959553,707.47,0.8655479997396469,151552,0.0,-0.015489278
221,6,1.5734371,0.024040323,-2.19,373.1953420639038,0.006477517,697.68,0.8657629936933517,155648,0.0,-0.012982818
228,7,1.5522524,0.024708558,-2.2,379.2710120677948,0.00714999,692.66,0.9051564782857895,159744,0.0,-0.01566907
233,5,1.5230699,0.03134137,-2.26,385.88223791122437,0.006029019,697.48,0.8294262290000916,163840,0.0,-0.013217944
238,5,1.5197893,0.026891759,-2.14,393.03585982322693,0.0051680896,700.53,0.8961223661899567,167936,0.0,-0.015637213
245,7,1.5122617,0.029863302,-2.23,399.3692841529846,0.0052595106,695.82,0.8095552325248718,172032,0.0,-0.013145991
250,5,1.5087479,0.02430595,-2.1,405.733873128891,0.009537437,709.0,0.8645504266023636,176128,0.0,-0.014013437
256,6,1.5173028,0.021935254,-2.23,412.04789304733276,0.010001842,697.42,0.8702724128961563,180224,0.0,-0.01564872
262,6,1.5049106,0.027572302,-2.18,418.42507100105286,0.006398431,695.41,0.8837454691529274,184320,0.0,-0.0155471545
269,7,1.5031781,0.025107864,-2.21,425.1240129470825,0.006007747,683.26,0.8638948947191238,188416,0.0,-0.013708293
275,6,1.4564221,0.021128131,-2.25,431.4314248561859,0.006325555,677.37,0.8822886273264885,192512,0.0,-0.01593627
282,7,1.4066981,0.02486494,-2.27,437.4324767589569,0.0058773286,667.82,0.8949687108397484,196608,0.0,-0.015454315
286,4,1.4027797,0.022524497,-2.35,538.284353017807,0.0062594227,673.46,0.880587674677372,200704,0.0,-0.017749311
292,6,1.4188262,0.02033102,-2.37,545.040552854538,0.005833639,682.45,0.8973505198955536,204800,0.0,-0.016258152
298,6,1.3749839,0.025704391,-2.28,553.2795760631561,0.0071919346,686.24,0.8698149472475052,208896,0.0,-0.015984114
305,7,1.3924354,0.024216658,-2.29,561.1439018249512,0.005790912,679.31,0.8969690203666687,212992,0.0,-0.014202048
311,6,1.3833468,0.024230171,-2.26,570.7735290527344,0.0059058294,679.69,0.8891322016716003,217088,0.0,-0.014482584
317,6,1.3488897,0.0294069,-2.28,580.2344088554382,0.0053322217,679.34,0.8815484642982483,221184,0.0,-0.015431453
322,5,1.337165,0.022560975,-2.2,587.9987969398499,0.006937486,681.81,0.8836246207356453,225280,0.0,-0.018336836
327,5,1.3550478,0.033574156,-2.03,597.5576708316803,0.0044086124,700.73,0.882178544998169,229376,0.0,-0.014404089
332,5,1.3740228,0.020671688,-2.07,605.4590590000153,0.0060559115,703.14,0.88792984187603,233472,0.0,-0.015428884
338,6,1.3822803,0.023030574,-2.11,611.7820689678192,0.0055149863,697.46,0.8838770911097527,237568,0.0,-0.016515741
343,5,1.3787187,0.022996318,-2.04,617.6753551959991,0.006159409,706.3,0.8948716074228287,241664,0.0,-0.017094936
348,5,1.370413,0.027372653,-1.92,623.6502430438995,0.006651261,714.08,0.880345806479454,245760,0.0,-0.014598095
353,5,1.329145,0.029319871,-1.86,629.5063829421997,0.006093997,717.68,0.8791303336620331,249856,0.0,-0.013913312
358,5,1.335065,0.019998074,-1.73,635.8219981193542,0.005919963,722.76,0.8868568912148476,253952,0.0,-0.014245721
364,6,1.300567,0.018815191,-1.67,641.7992780208588,0.0069842148,729.76,0.9050888046622276,258048,0.0,-0.014873541
370,6,1.3050462,0.022010723,-1.66,647.5639669895172,0.005649226,734.65,0.9024569615721703,262144,0.0,-0.016809858
375,5,1.2844034,0.027707815,-1.61,653.4038450717926,0.005024245,738.51,0.8886780589818954,266240,0.0,-0.015472774
381,6,1.302364,0.023501493,-1.63,659.6488900184631,0.0056915935,741.41,0.9020179659128189,270336,0.0,-0.014449637
386,5,1.3037349,0.024591364,-1.63,670.5730888843536,0.0064430214,743.81,0.8789374753832817,274432,0.0,-0.016632376
392,6,1.3083247,0.022580337,-1.68,681.0926368236542,0.005045146,735.0,0.888178713619709,278528,0.0,-0.015001437
399,7,1.2944733,0.023798676,-1.78,690.0994830131531,0.0069618705,725.43,0.8789106830954552,282624,0.0,-0.017879339
405,6,1.3192953,0.024279835,-1.76,697.171217918396,0.007312298,732.27,0.8241503983736038,286720,0.0,-0.017475903
411,6,1.2976761,0.022313543,-1.62,704.1487219333649,0.006207309,738.2,0.8753588870167732,290816,0.0,-0.016628519
416,5,1.2765069,0.023274181,-1.61,711.1718180179596,0.0053491546,743.26,0.885906033217907,294912,0.0,-0.014487512
422,6,1.2882334,0.029328754,-1.58,720.729660987854,0.0060715694,742.83,0.8460585474967957,299008,0.0,-0.01679745
426,4,1.2320169,0.026127635,-1.6,866.1564998626709,0.008079291,743.19,0.8783697858452797,303104,0.0,-0.018278755
432,6,1.2189022,0.023113763,-1.53,877.9004290103912,0.0050031235,737.67,0.8814089596271515,307200,0.0,-0.016948
437,5,1.1807625,0.020380635,-1.49,886.1808049678802,0.007600332,742.92,0.8930026888847351,311296,0.0,-0.016451368
443,6,1.1722876,0.02304082,-1.58,894.8411388397217,0.007415755,735.11,0.8794216439127922,315392,0.0,-0.01795958
449,6,1.176495,0.02548253,-1.63,902.1436541080475,0.0068232655,724.82,0.8795069754123688,319488,0.0,-0.013655295
455,6,1.1533085,0.020640606,-1.7,910.884731054306,0.006544414,721.7,0.8813767060637474,323584,0.0,-0.015297564
460,5,1.1305382,0.01838715,-1.6,921.2373180389404,0.007068203,722.97,0.9057567268610001,327680,0.0,-0.01594293
467,7,1.1420943,0.021575365,-1.68,929.9776339530945,0.008649839,720.31,0.911658301949501,331776,0.0,-0.015975276
472,5,1.154429,0.025544753,-1.65,941.1456429958344,0.005546594,720.24,0.8512913137674332,335872,0.0,-0.014356999
476,4,1.1177659,0.021681132,-1.54,955.8629319667816,0.00581696,729.29,0.859684020280838,339968,0.0,-0.01689493
482,6,1.0402836,0.021438569,-1.53,964.9089000225067,0.006812537,727.81,0.8970938697457314,344064,0.0,-0.016610652
487,5,1.0508766,0.02113999,-1.6,973.4937949180603,0.006578245,727.9,0.8957121595740318,348160,0.0,-0.016745947
494,7,1.0492924,0.021179136,-1.52,980.579304933548,0.0059061954,727.46,0.910950094461441,352256,0.0,-0.016791573
499,5,1.054326,0.021138279,-1.47,993.6669528484344,0.0063150446,736.23,0.8755197077989578,356352,0.0,-0.01681768
505,6,1.0283687,0.01873112,-1.49,1001.0755829811096,0.0056977877,739.63,0.8833319544792175,360448,0.0,-0.016681056
510,5,1.0276941,0.02247744,-1.54,1007.9442369937897,0.004424707,744.04,0.867380678653717,364544,0.0,-0.01585184
516,6,1.064211,0.021706304,-1.61,1015.9719069004059,0.00589103,739.98,0.8793093338608742,368640,0.0,-0.01498233
522,6,1.0412996,0.020056443,-1.66,1022.3729560375214,0.007363279,735.51,0.881055161356926,372736,0.0,-0.017046101
528,6,1.0323145,0.017797124,-1.78,1028.120845079422,0.0053569092,730.16,0.898077018558979,376832,0.0,-0.014436005
534,6,1.0276788,0.020982327,-1.76,1034.092806816101,0.0073810066,723.52,0.8922815397381783,380928,0.0,-0.016339859
539,5,1.0253232,0.0188864,-1.82,1041.1026768684387,0.0062134676,718.3,0.9094664752483368,385024,0.0,-0.017230207
546,7,0.9857759,0.017703114,-1.83,1049.5929000377655,0.00675887,718.38,0.8837902024388313,389120,0.0,-0.015809838
552,6,0.96055186,0.025706237,-1.86,1058.0444359779358,0.0071258713,715.99,0.8898127302527428,393216,0.0,-0.0165519
558,6,0.9272579,0.022690361,-2.01,1065.4822850227356,0.005614476,710.34,0.8817228600382805,397312,0.0,-0.016334642
563,5,0.93954366,0.027235994,-2.11,1151.0841779708862,0.0060927668,715.42,0.8375293910503387,401408,0.0,-0.016113201
569,6,0.94166166,0.02054865,-2.05,1157.0539801120758,0.0062186266,717.31,0.8835431337356567,405504,0.0,-0.014567189
575,6,0.9602571,0.019647699,-2.22,1163.1432869434357,0.0057283016,708.89,0.886833131313324,409600,0.0,-0.014829734
581,6,0.94276136,0.017450163,-2.25,1169.1729488372803,0.003940509,707.46,0.9097174406051636,413696,0.0,-0.0146004455
587,6,0.90041214,0.018743085,-2.28,1175.389400959015,0.007114932,700.95,0.9019735455513,417792,0.0,-0.01373793
592,5,0.93400395,0.01775696,-2.26,1181.3314459323883,0.0056045717,702.63,0.8674715012311935,421888,0.0,-0.019571837
597,5,0.9567976,0.020687114,-2.28,1187.2528131008148,0.0040158564,711.09,0.8338562399148941,425984,0.0,-0.01687853
603,6,0.9644249,0.02015374,-2.17,1193.2476301193237,0.0054273675,714.86,0.8242993503808975,430080,0.0,-0.018717099
608,5,0.9120186,0.020868866,-2.16,1199.5188620090485,0.0062302374,718.75,0.8721669465303421,434176,0.0,-0.017052824
614,6,0.9039129,0.025842315,-2.18,1205.873230934143,0.0057357596,708.15,0.8627569824457169,438272,0.0,-0.014762526
620,6,0.94037074,0.01833363,-2.33,1211.8438320159912,0.005564607,706.86,0.8844402655959129,442368,0.0,-0.014740523
627,7,0.90768284,0.0183396,-2.33,1218.1295049190521,0.0045413626,702.05,0.8806523755192757,446464,0.0,-0.017269727
633,6,0.88903326,0.016579797,-2.29,1224.2198178768158,0.0066138827,704.66,0.9025481343269348,450560,0.0,-0.020101044
638,5,0.88248366,0.027076341,-2.27,1230.1217908859253,0.0063668056,702.8,0.8715680539608002,454656,0.0,-0.016408259
644,6,0.8655269,0.019257568,-2.23,1236.1027719974518,0.006859022,706.47,0.9100703671574593,458752,0.0,-0.013636209
651,7,0.8594199,0.022791697,-2.27,1242.0442008972168,0.0054128985,707.47,0.8406407684087753,462848,0.0,-0.014796024
656,5,0.85473704,0.017797453,-2.28,1247.994376897812,0.005196777,707.36,0.8580626398324966,466944,0.0,-0.015794277
663,7,0.81456935,0.017638799,-2.2,1254.0612909793854,0.005473327,699.04,0.894308902323246,471040,0.0,-0.015458974
669,6,0.7999919,0.017492369,-2.27,1259.9680199623108,0.0052320333,698.7,0.8443544059991837,475136,0.0,-0.015770636
675,6,0.7905336,0.021627821,-2.25,1265.941927909851,0.004881102,693.69,0.8441858440637589,479232,0.0,-0.01747609
681,6,0.7871393,0.01812093,-2.12,1272.0453250408173,0.0037359311,693.59,0.9032462984323502,483328,0.0,-0.015780272
687,6,0.75919676,0.019317625,-2.14,1278.0639009475708,0.005756144,692.02,0.910358689725399,487424,0.0,-0.015320402
694,7,0.74727106,0.014835123,-2.17,1284.2233881950378,0.0052656475,685.43,0.9085568636655807,491520,0.0,-0.013557434
700,6,0.80628836,0.022261823,-2.12,1290.1050839424133,0.004953489,681.21,0.8680721819400787,495616,0.0,-0.016076297
705,5,0.81683314,0.016956605,-2.22,1296.0354599952698,0.0064754942,675.1,0.9119996875524521,499712,0.0,-0.017835919
711,6,0.7738546,0.01897648,-2.15,1377.2662539482117,0.0049645454,678.14,0.9016853123903275,503808,0.0,-0.016931217
716,5,0.758214,0.020668468,-2.09,1383.2789480686188,0.006634378,684.92,0.8736761510372162,507904,0.0,-0.014564075
721,5,0.7384603,0.017584138,-2.01,1389.3311641216278,0.0043047303,688.61,0.8970751911401749,512000,0.0,-0.012524721
727,6,0.74239236,0.01797827,-1.87,1395.3726279735565,0.005102601,693.03,0.8909381404519081,516096,0.0,-0.01637604
733,6,0.7518904,0.017696677,-1.85,1401.3830680847168,0.0063014184,693.25,0.8984119296073914,520192,0.0,-0.017629754
739,6,0.73544645,0.01443487,-2.04,1409.0411398410797,0.0048958487,690.81,0.9035730808973312,524288,0.0,-0.015156409
745,6,0.7146081,0.01876995,-1.91,1415.1357338428497,0.004171535,692.1,0.8982262313365936,528384,0.0,-0.015227755
750,5,0.7380541,0.024199061,-1.88,1421.0268650054932,0.005443975,697.65,0.8918587267398834,532480,0.0,-0.015188644
756,6,0.7538855,0.017645651,-1.76,1427.03315615654,0.00461862,696.61,0.9062931016087532,536576,0.0,-0.01512692
761,5,0.7590322,0.017040903,-1.73,1432.9950940608978,0.0051645595,702.5,0.9113931581377983,540672,0.0,-0.015311816
767,6,0.7555832,0.016378615,-1.6,1438.982216835022,0.006957831,708.21,0.8886514455080032,544768,0.0,-0.015422416
773,6,0.73837876,0.019164449,-1.54,1444.9437160491943,0.0049418327,714.29,0.8893204852938652,548864,0.0,-0.014828779
779,6,0.75952905,0.022776324,-1.61,1450.9337739944458,0.0061855274,709.23,0.8823497071862221,552960,0.0,-0.01678173
785,6,0.747609,0.021445582,-1.59,1456.9237849712372,0.005458996,711.55,0.8779952600598335,557056,0.0,-0.013953149
792,7,0.7536415,0.020223795,-1.56,1462.9510519504547,0.0054688905,704.18,0.8411492854356766,561152,0.0,-0.017443713
797,5,0.79729706,0.021782374,-1.5,1468.8697819709778,0.0063176043,711.4,0.863654762506485,565248,0.0,-0.019371357
803,6,0.7825656,0.018942539,-1.55,1474.8795161247253,0.003797391,707.92,0.8470743149518967,569344,0.0,-0.015984295
809,6,0.80622226,0.019066967,-1.51,1480.9803709983826,0.006727001,708.47,0.8802151456475258,573440,0.0,-0.018621115
815,6,0.7689369,0.01845747,-1.56,1486.9340751171112,0.005820865,702.96,0.9028493613004684,577536,0.0,-0.018314436
821,6,0.79067516,0.018651119,-1.55,1492.9223709106445,0.006207162,701.91,0.8713814914226532,581632,0.0,-0.018126694
826,5,0.75527585,0.018422468,-1.62,1498.8808901309967,0.0044796374,704.99,0.890732578933239,585728,0.0,-0.016007392
831,5,0.7943812,0.016691228,-1.58,1505.5903642177582,0.0059956782,710.33,0.870884120464325,589824,0.0,-0.01698058
836,5,0.7888021,0.016509406,-1.6,1511.5415930747986,0.0053729806,715.21,0.8696139305830002,593920,0.0,-0.018432664
842,6,0.8251901,0.01783096,-1.57,1517.5164988040924,0.0055245915,715.01,0.8801072463393211,598016,0.0,-0.015683856
847,5,0.78820866,0.023755828,-1.56,1601.4929027557373,0.0073283436,722.78,0.8395386040210724,602112,0.0,-0.017314026
853,6,0.72581637,0.014391002,-1.63,1608.8310129642487,0.009847414,721.66,0.9130726903676987,606208,0.0,-0.019213961
858,5,0.74139595,0.018054515,-1.67,1615.10609292984,0.0065773935,719.22,0.8961415365338326,610304,0.0,-0.017292846
864,6,0.76588064,0.018970523,-1.72,1621.0126719474792,0.0042812238,720.66,0.8731849938631058,614400,0.0,-0.017099198
870,6,0.7679674,0.024813017,-1.67,1627.6748600006104,0.0059525003,716.39,0.8980848342180252,618496,0.0,-0.015608324
877,7,0.7328983,0.018240005,-1.8,1633.8498318195343,0.0052751065,711.43,0.9017955884337425,622592,0.0,-0.016847968
882,5,0.7843789,0.019800907,-1.69,1645.5701849460602,0.006291769,718.72,0.861628919839859,626688,0.0,-0.014935421
887,5,0.75983113,0.024444904,-1.55,1652.1361451148987,0.0050338255,728.48,0.8513502329587936,630784,0.0,-0.016579945
891,4,0.7231824,0.01769478,-1.53,1659.246127128601,0.004455388,735.93,0.8668714016675949,634880,0.0,-0.016903538
898,7,0.6756997,0.015924165,-1.65,1665.2287909984589,0.006062379,735.46,0.8975383415818214,638976,0.0,-0.017548425
904,6,0.71585095,0.018693315,-1.64,1671.3390300273895,0.00460025,733.22,0.8979510962963104,643072,0.0,-0.017248724
910,6,0.71613026,0.018883342,-1.6,1677.626441001892,0.0049471306,733.83,0.878114603459835,647168,0.0,-0.017143618
915,5,0.71172005,0.023623107,-1.58,1683.8084080219269,0.0041722017,737.79,0.8626587837934494,651264,0.0,-0.016304884
920,5,0.6983578,0.023151785,-1.62,1690.0200328826904,0.0057112426,739.15,0.8411619663238525,655360,0.0,-0.01772926
926,6,0.68970764,0.020311695,-1.58,1696.2903962135315,0.005802958,740.19,0.8584104031324387,659456,0.0,-0.019254476
932,6,0.6729104,0.015640704,-1.67,1703.5517418384552,0.0046659308,727.56,0.8948197066783905,663552,0.0,-0.016459301
938,6,0.6626124,0.01811175,-1.58,1709.8372521400452,0.005729501,722.19,0.8591236770153046,667648,0.0,-0.016010266
943,5,0.6834024,0.018801436,-1.59,1716.6859078407288,0.00510524,729.52,0.8839051499962807,671744,0.0,-0.01840331
949,6,0.672775,0.01642784,-1.48,1722.9664690494537,0.0046939417,719.67,0.9042658358812332,675840,0.0,-0.014834994
955,6,0.6393604,0.01744228,-1.45,1729.5926158428192,0.005286555,720.99,0.8854263126850128,679936,0.0,-0.017909879
961,6,0.66049707,0.01901393,-1.5,1743.396409034729,0.005305628,713.94,0.9122800678014755,684032,0.0,-0.017791785
967,6,0.70853657,0.019635478,-1.45,1755.6342141628265,0.0061427024,713.58,0.8785754516720772,688128,0.0,-0.021089934
973,6,0.6525058,0.016570883,-1.4,1763.593199968338,0.006030122,722.64,0.9038508534431458,692224,0.0,-0.016757544
978,5,0.6870396,0.028457617,-1.39,1774.7782571315765,0.0061284155,720.87,0.8498058915138245,696320,0.0,-0.018087178
985,7,0.6769175,0.020716678,-1.43,1918.2998530864716,0.0056864116,709.0,0.904184065759182,700416,0.0,-0.015721178
991,6,0.6856462,0.01847596,-1.41,1924.7118299007416,0.0054517398,702.54,0.9151756539940834,704512,0.0,-0.017911736
997,6,0.6767323,0.017967226,-1.29,1930.6070210933685,0.0054237274,701.88,0.9201134070754051,708608,0.0,-0.019561987
1002,5,0.7161597,0.018256772,-1.15,1937.3879511356354,0.006049312,707.57,0.8804889544844627,712704,0.0,-0.018813321
1008,6,0.71151745,0.019366298,-1.21,1947.6181359291077,0.0065009613,707.15,0.8832990974187851,716800,0.0,-0.019075168
1015,7,0.667604,0.025993042,-1.25,1960.006010055542,0.0048226183,701.1,0.8766768649220467,720896,0.0,-0.01755002
1022,7,0.68360066,0.024343025,-1.25,1973.7688958644867,0.0059539024,684.88,0.9024249687790871,724992,0.0,-0.016698314
1029,7,0.64785993,0.020530332,-1.26,1987.6127290725708,0.005983205,674.58,0.8858935162425041,729088,0.0,-0.015853463
1034,5,0.6780127,0.018219853,-1.21,1996.9036331176758,0.0067043263,682.36,0.8515208661556244,733184,0.0,-0.01852236
1040,6,0.69425523,0.017794382,-1.39,2008.0702540874481,0.0053180717,680.57,0.896570011973381,737280,0.0,-0.018030373
1045,5,0.68406814,0.020640127,-1.39,2016.7599108219147,0.0057077315,682.1,0.8899017050862312,741376,0.0,-0.017207706
1052,7,0.7165191,0.01427447,-1.61,2027.7352340221405,0.0051415088,682.93,0.8671812564134598,745472,0.0,-0.016358953
1057,5,0.7439881,0.017714903,-1.6,2036.9327101707458,0.008046474,678.88,0.888706311583519,749568,0.0,-0.02025117
1062,5,0.7396627,0.018166658,-1.4,2046.6851618289948,0.0058508203,687.95,0.8534089624881744,753664,0.0,-0.018429639
1068,6,0.7607259,0.016477881,-1.37,2060.1867067813873,0.005582084,688.78,0.8913778364658356,757760,0.0,-0.017998913
1074,6,0.72183514,0.023172537,-1.39,2073.712704896927,0.0061903005,687.69,0.8741858005523682,761856,0.0,-0.01763037
1080,6,0.7470684,0.018626262,-1.46,2083.0289919376373,0.006403902,689.55,0.8524896949529648,765952,0.0,-0.019640217
1085,5,0.735081,0.017483229,-1.51,2093.3176579475403,0.005309251,695.79,0.8828669264912605,770048,0.0,-0.020227224
1091,6,0.7488906,0.014068069,-1.68,2106.9863090515137,0.0053341957,696.67,0.8212567120790482,774144,0.0,-0.02038608
1097,6,0.73884076,0.016363882,-1.8,2114.293620824814,0.005255496,694.07,0.87897589802742,778240,0.0,-0.018736167
1103,6,0.71207845,0.015714407,-1.8,2123.8715250492096,0.0056111924,693.25,0.8958820626139641,782336,0.0,-0.018875856
1108,5,0.7328779,0.021843832,-1.86,2131.6997690200806,0.0072154584,694.81,0.8611513078212738,786432,0.0,-0.021533895
1115,7,0.74065924,0.015952254,-1.9,2139.5681970119476,0.006696214,694.99,0.8812777474522591,790528,0.0,-0.01810009
1121,6,0.7139719,0.019474195,-2.01,2148.908937931061,0.0049267374,697.06,0.8947548046708107,794624,0.0,-0.018105393
1128,7,0.70366246,0.01452797,-2.01,2158.200236082077,0.005848421,702.31,0.9154739156365395,798720,0.0,-0.018772101
1133,5,0.75991285,0.021308573,-2.05,2345.5421390533447,0.006423086,704.25,0.8837705552577972,802816,0.0,-0.023160262
1139,6,0.6927697,0.02001969,-1.89,2359.7577710151672,0.0063872593,702.17,0.8845420852303505,806912,0.0,-0.020234428
1145,6,0.7154694,0.017274387,-1.86,2371.9978160858154,0.006259056,695.6,0.9056972712278366,811008,0.0,-0.020314023
1151,6,0.71283656,0.023792824,-1.78,2381.720226049423,0.006021211,697.94,0.866018533706665,815104,0.0,-0.018524
1157,6,0.7493792,0.016722979,-1.81,2395.690698862076,0.0066494006,699.41,0.892112247645855,819200,0.0,-0.017120797
1163,6,0.7719959,0.016322996,-2.04,2403.381586790085,0.0060430467,691.52,0.9011156857013702,823296,0.0,-0.018772025
1168,5,0.77610636,0.016754562,-2.1,2411.199558734894,0.0054134596,696.18,0.909599632024765,827392,0.0,-0.01785716
1174,6,0.77205557,0.020469606,-2.01,2417.6005601882935,0.0053443927,694.75,0.877714216709137,831488,0.0,-0.016995303
1180,6,0.81406564,0.021072699,-2.02,2424.654834985733,0.0055187875,695.64,0.8349502235651016,835584,0.0,-0.017879073
1185,5,0.78360987,0.021856196,-1.94,2434.3677937984467,0.004947243,694.08,0.8891066238284111,839680,0.0,-0.017030362
1192,7,0.8314379,0.01695189,-1.77,2440.692708015442,0.0066796225,688.69,0.8712954670190811,843776,0.0,-0.02002826
1197,5,0.8576201,0.01842805,-1.67,2447.291678905487,0.0063946517,696.53,0.8833859339356422,847872,0.0,-0.019812535
1203,6,0.8620952,0.021595491,-1.75,2453.4681870937347,0.006297526,698.04,0.8776910305023193,851968,0.0,-0.019834066
1209,6,0.83029795,0.025206253,-1.76,2459.853320837021,0.0068893796,695.41,0.876406155526638,856064,0.0,-0.019874323
1215,6,0.798874,0.021383647,-1.7,2466.857246875763,0.0055285017,697.05,0.8855432122945786,860160,0.0,-0.019292131
1221,6,0.8189286,0.019034589,-1.57,2475.388774871826,0.007667595,701.17,0.8603721559047699,864256,0.0,-0.020571042
1226,5,0.8063961,0.020397035,-1.56,2482.9304580688477,0.0071078143,708.81,0.8503443449735641,868352,0.0,-0.020921674
1232,6,0.81923527,0.019248767,-1.46,2488.8590269088745,0.0083383145,704.37,0.8887438997626305,872448,0.0,-0.020047717
1237,5,0.83201987,0.016741946,-1.56,2496.019302845001,0.0070270477,704.31,0.8839498683810234,876544,0.0,-0.018376324
1243,6,0.8115235,0.01726058,-1.61,2502.9705550670624,0.005757696,713.99,0.8498570472002029,880640,0.0,-0.016572997
1249,6,0.82255995,0.015818933,-1.68,2511.387286901474,0.0067908084,712.7,0.899785652756691,884736,0.0,-0.017905189
1255,6,0.8346715,0.018611822,-1.64,2520.8325159549713,0.009129345,707.32,0.8922327160835266,888832,0.0,-0.02131884
1262,7,0.7975711,0.018612081,-1.62,2534.398654937744,0.005833211,705.72,0.8577118068933487,892928,0.0,-0.02130417
1268,6,0.8083042,0.0152747845,-1.63,2546.3980259895325,0.005841577,698.21,0.9018356874585152,897024,0.0,-0.018451126
1273,5,0.8193713,0.023106871,-1.78,2636.4383001327515,0.0058159446,700.95,0.8643991649150848,901120,0.0,-0.016937792
1279,6,0.8210351,0.01842547,-1.81,2641.944412946701,0.0056211343,699.79,0.8788062855601311,905216,0.0,-0.018561311
1285,6,0.81632245,0.015713645,-1.68,2647.4527201652527,0.008294942,702.28,0.9089545905590057,909312,0.0,-0.019361204
1290,5,0.87733567,0.017338464,-1.67,2653.4520750045776,0.0065512927,707.71,0.9207570776343346,913408,0.0,-0.021168102
1295,5,0.8793493,0.019456256,-1.55,2659.840786933899,0.006701082,712.46,0.8784393817186356,917504,0.0,-0.0186949
1301,6,0.8373087,0.015803896,-1.59,2667.4302110671997,0.006663818,704.64,0.9161357954144478,921600,0.0,-0.019775309
1307,6,0.8354215,0.015950277,-1.5,2672.9354128837585,0.005770637,704.69,0.8902057111263275,925696,0.0,-0.017307874
1313,6,0.81762224,0.015266139,-1.56,2679.5400021076202,0.007364155,703.66,0.9087644293904305,929792,0.0,-0.01968904
1320,7,0.8388483,0.021411581,-1.57,2685.5953290462494,0.007668992,703.67,0.8617076873779297,933888,0.0,-0.019575534
1325,5,0.8570988,0.0180862,-1.53,2691.1285350322723,0.013461301,703.8,0.8970175534486771,937984,0.0,-0.017393168
1331,6,0.84158933,0.017690506,-1.42,2696.7440481185913,0.007099944,709.53,0.9169463440775871,942080,0.0,-0.020021267
1336,5,0.8209134,0.017744565,-1.42,2702.2742669582367,0.009363163,703.0,0.8904977962374687,946176,0.0,-0.022309385
1342,6,0.82923776,0.015575091,-1.38,2708.89178276062,0.008059656,701.25,0.9152451828122139,950272,0.0,-0.020026132
1348,6,0.8292839,0.016472623,-1.41,2714.5676457881927,0.0080492385,703.86,0.9095703586935997,954368,0.0,-0.019092454
1353,5,0.87187475,0.016358772,-1.45,2720.195611000061,0.0059149656,705.44,0.8890934586524963,958464,0.0,-0.018584147
1358,5,0.8662757,0.017930968,-1.31,2725.915349006653,0.0052060154,717.15,0.9118010178208351,962560,0.0,-0.021969054
1365,7,0.86287236,0.020114293,-1.12,2731.4143810272217,0.005317842,716.79,0.9086350575089455,966656,0.0,-0.02074959
1370,5,0.906161,0.019633293,-1.11,2736.9912960529327,0.008387888,723.69,0.896877832710743,970752,0.0,-0.022429
1375,5,0.87620604,0.02042431,-1.01,2742.526262998581,0.0072595268,725.47,0.8997141346335411,974848,0.0,-0.018088352
1381,6,0.8635969,0.018261353,-1.0,2748.19872879982,0.008152773,724.36,0.8861489221453667,978944,0.0,-0.021733673
1387,6,0.854417,0.019065572,-1.13,2753.687273979187,0.0071406867,722.21,0.8803967610001564,983040,0.0,-0.020913757
1393,6,0.8646006,0.016983153,-1.22,2759.171136856079,0.006766282,715.31,0.8939353749155998,987136,0.0,-0.021290798
1398,5,0.8486571,0.019784013,-1.13,2764.9044818878174,0.0071823564,715.51,0.8917016983032227,991232,0.0,-0.021362145
1404,6,0.8506987,0.014394591,-1.16,2770.372614145279,0.00544772,717.06,0.9153859987854958,995328,0.0,-0.018311316
1410,6,0.841445,0.017597064,-1.0,2776.111750125885,0.008162582,718.88,0.9141814857721329,999424,0.0,-0.022248086
1415,5,0.85492235,0.016765257,-0.94,2858.0189340114594,0.0062146573,721.92,0.883390411734581,1003520,0.0,-0.01966468
1422,7,0.8565834,0.015521471,-1.05,2863.7077758312225,0.0061097774,719.64,0.8871197178959846,1007616,0.0,-0.020375203
1428,6,0.9004736,0.018949475,-1.15,2869.3069529533386,0.009443692,714.36,0.8321738392114639,1011712,0.0,-0.02160291
1433,5,0.91335016,0.024691138,-1.03,2874.851881980896,0.0051575587,718.34,0.8786167725920677,1015808,0.0,-0.018943485
1439,6,0.88365084,0.015073294,-1.11,2880.369688987732,0.00771574,720.24,0.88706324249506,1019904,0.0,-0.022540523
1444,5,0.85017145,0.019016383,-1.1,2886.0730080604553,0.006886178,722.15,0.8812258243560791,1024000,0.0,-0.021885473
1450,6,0.88387054,0.017652402,-1.05,2891.7312371730804,0.009384933,725.3,0.8937288522720337,1028096,0.0,-0.025145527
1455,5,0.87408507,0.015950663,-1.02,2897.436787843704,0.00674791,727.36,0.8666932731866837,1032192,0.0,-0.01981931
1461,6,0.8555017,0.015819607,-1.05,2903.362699985504,0.0075744437,721.08,0.904471330344677,1036288,0.0,-0.02110968
1467,6,0.84483427,0.017302059,-1.12,2908.900903940201,0.006078843,721.41,0.912829801440239,1040384,0.0,-0.021053204
1473,6,0.8531536,0.01849233,-1.23,2914.865734100342,0.00780609,714.38,0.8720562607049942,1044480,0.0,-0.02213948
1479,6,0.8147508,0.015015303,-1.26,2920.5642018318176,0.007454072,710.9,0.9205873906612396,1048576,0.0,-0.021853277
1484,5,0.86312675,0.015611283,-1.24,2926.108209133148,0.0060653468,713.89,0.8957130089402199,1052672,0.0,-0.02220493
1490,6,0.8651132,0.014633581,-1.2,2931.601142883301,0.009278132,715.78,0.9160190522670746,1056768,0.0,-0.021395281
1496,6,0.8527653,0.019757507,-1.22,2937.112595796585,0.008792774,718.2,0.889791838824749,1060864,0.0,-0.023121612
1502,6,0.928406,0.018882036,-1.26,2942.6115889549255,0.008797227,714.3,0.8938761353492737,1064960,0.0,-0.024029277
1509,7,0.8831224,0.022884937,-1.31,2948.1600098609924,0.0059524686,706.68,0.8956155553460121,1069056,0.0,-0.021610694
1514,5,0.91164726,0.025019974,-1.33,2953.754543066025,0.0068832003,704.88,0.857090562582016,1073152,0.0,-0.020791149
1520,6,0.89013433,0.017249279,-1.35,2959.3116059303284,0.0075308937,706.01,0.8916596472263336,1077248,0.0,-0.021622706
1525,5,0.88309,0.018011529,-1.3,2964.906615972519,0.0063409605,712.58,0.8755890801548958,1081344,0.0,-0.02131071
1532,7,0.8354946,0.014057643,-1.46,2970.3381350040436,0.00915098,704.88,0.884829618036747,1085440,0.0,-0.02152951
1538,6,0.836781,0.014525771,-1.44,2975.887736082077,0.006653903,701.12,0.9112925305962563,1089536,0.0,-0.021520175
1544,6,0.8808101,0.013896753,-1.44,2981.4209451675415,0.0080762645,696.87,0.9080356881022453,1093632,0.0,-0.024484057
1550,6,0.8712898,0.019219663,-1.43,2987.128958940506,0.0071663666,696.31,0.8470943868160248,1097728,0.0,-0.023518216
1555,5,0.88291335,0.018282326,-1.5,3063.476956129074,0.008806142,693.72,0.8817402794957161,1101824,0.0,-0.021191476
1561,6,0.8913022,0.013959758,-1.38,3068.948180913925,0.0071192896,694.56,0.9176506847143173,1105920,0.0,-0.019076183
1567,6,0.86445266,0.01814153,-1.41,3074.8301219940186,0.0063955565,692.83,0.8853766769170761,1110016,0.0,-0.021744888
1572,5,0.88327724,0.017293021,-1.24,3080.3240480422974,0.0073558018,699.72,0.8946036174893379,1114112,0.0,-0.022177696
1578,6,0.89838076,0.017614417,-1.1,3085.8662610054016,0.008174066,705.36,0.8908902332186699,1118208,0.0,-0.023500714
1584,6,0.89057964,0.02090744,-1.08,3091.3353741168976,0.007483012,696.89,0.90035280585289,1122304,0.0,-0.02063682
1590,6,0.85747623,0.018496716,-1.2,3096.8502049446106,0.008213815,696.09,0.9117811620235443,1126400,0.0,-0.02032215
1596,6,0.8876024,0.013872934,-1.11,3102.28831410408,0.0076477705,696.96,0.9214642643928528,1130496,0.0,-0.01953857
1601,5,0.8587433,0.026640985,-1.12,3107.8206119537354,0.008734425,699.29,0.8429754674434662,1134592,0.0,-0.020924347
1607,6,0.8931938,0.016079428,-1.14,3113.310422897339,0.007491664,703.46,0.8877217248082161,1138688,0.0,-0.021052945
1613,6,0.8842275,0.01770279,-1.2,3118.847512960434,0.008053654,706.29,0.9268167018890381,1142784,0.0,-0.021050956
1618,5,0.8730135,0.01930478,-1.0,3124.4721348285675,0.008269571,709.54,0.9149976521730423,1146880,0.0,-0.021474093
1624,6,0.88158315,0.01777444,-1.13,3129.903867006302,0.0076536513,705.12,0.882380947470665,1150976,0.0,-0.024446124
1631,7,0.87239,0.016970715,-0.99,3135.5587079524994,0.006693393,704.04,0.8978588059544563,1155072,0.0,-0.020038756
1637,6,0.8439777,0.021085294,-0.98,3141.3385231494904,0.0067692786,705.59,0.8630465716123581,1159168,0.0,-0.01852048
1643,6,0.8604125,0.022461519,-0.95,3146.8415830135345,0.006944471,706.66,0.9131972938776016,1163264,0.0,-0.019009568
1649,6,0.8575771,0.015183873,-0.93,3152.36962890625,0.008043105,705.65,0.9042354673147202,1167360,0.0,-0.023986677
1656,7,0.8296491,0.016803417,-1.14,3157.8869590759277,0.006945882,692.11,0.9014615714550018,1171456,0.0,-0.023614034
1661,5,0.8603709,0.021109695,-1.19,3163.5052330493927,0.007388328,693.64,0.866298034787178,1175552,0.0,-0.022638429
1667,6,0.87614566,0.016182747,-1.22,3168.952337026596,0.007584355,695.32,0.9110927060246468,1179648,0.0,-0.02040795
1673,6,0.8903248,0.018744871,-1.41,3174.531571865082,0.0078443205,687.65,0.8988162726163864,1183744,0.0,-0.024307966
1679,6,0.8807039,0.023640072,-1.36,3179.978625059128,0.008293409,692.85,0.8765144944190979,1187840,0.0,-0.02331762
1685,6,0.8507787,0.015294867,-1.55,3185.506762981415,0.009578719,687.88,0.9116754159331322,1191936,0.0,-0.023531133
1692,7,0.88120145,0.019007528,-1.54,3191.0878789424896,0.006502582,683.03,0.8993741571903229,1196032,0.0,-0.01913752
1697,5,0.8622851,0.016019676,-1.6,3268.7743759155273,0.008161238,684.45,0.9179345369338989,1200128,0.0,-0.021863109
1703,6,0.8363278,0.01672307,-1.7,3274.4406220912933,0.0072767204,682.31,0.8998035937547684,1204224,0.0,-0.018302018
1709,6,0.8870055,0.01735726,-1.7,3279.894791841507,0.009693187,685.94,0.8966884091496468,1208320,0.0,-0.024479814
1714,5,0.900164,0.02353596,-1.7,3285.5755598545074,0.008551022,687.51,0.8807114809751511,1212416,0.0,-0.023509884
1720,6,0.92392826,0.016828867,-1.78,3291.100606918335,0.007007433,687.28,0.8856754750013351,1216512,0.0,-0.023983298
1728,8,0.84451604,0.020081408,-1.88,3296.6418437957764,0.009504687,678.58,0.8859062939882278,1220608,0.0,-0.025123695
1734,6,0.87653047,0.01940266,-1.92,3302.1307859420776,0.0066117113,677.77,0.8815523833036423,1224704,0.0,-0.023286773
1739,5,0.9046897,0.016158553,-1.98,3307.759490966797,0.006978291,683.65,0.8584802597761154,1228800,0.0,-0.023129534
1744,5,0.8851845,0.016544223,-2.04,3313.391378879547,0.0068242894,687.18,0.8868578225374222,1232896,0.0,-0.020756116
1750,6,0.90846837,0.016324915,-1.91,3318.831027984619,0.008069251,690.69,0.8859709203243256,1236992,0.0,-0.023345657
1755,5,0.9197696,0.01665074,-1.78,3324.4676060676575,0.0070888586,699.53,0.9052799493074417,1241088,0.0,-0.023524268
1761,6,0.9052613,0.011778955,-1.85,3329.9456210136414,0.007911286,694.09,0.9246648997068405,1245184,0.0,-0.023291925
1767,6,0.87503386,0.019451303,-1.7,3335.506933927536,0.0070011844,699.77,0.8894959464669228,1249280,0.0,-0.022359751
1773,6,0.85322714,0.017200928,-1.69,3341.0204808712006,0.006772266,696.72,0.9137618839740753,1253376,0.0,-0.022773562
1779,6,0.84425473,0.021115474,-1.73,3347.0182349681854,0.006770575,696.63,0.8721583336591721,1257472,0.0,-0.02110667
1784,5,0.843621,0.01979226,-1.64,3352.5796411037445,0.0074570403,702.29,0.8886494338512421,1261568,0.0,-0.021074899
1790,6,0.8541301,0.014541448,-1.65,3358.0673909187317,0.006587064,703.83,0.8948227167129517,1265664,0.0,-0.01997596
1797,7,0.8231073,0.023572523,-1.66,3363.635200023651,0.0063565304,695.98,0.8830984830856323,1269760,0.0,-0.021707922
1803,6,0.8097312,0.018460978,-1.58,3369.203386068344,0.007043371,698.97,0.8867292106151581,1273856,0.0,-0.02296776
1808,5,0.83662325,0.01792643,-1.57,3374.947098970413,0.0061040753,697.89,0.8882938995957375,1277952,0.0,-0.019520149
1814,6,0.8222497,0.01957464,-1.64,3380.4084651470184,0.008263598,696.53,0.8897203132510185,1282048,0.0,-0.024885578
1820,6,0.781053,0.021065064,-1.57,3386.3013758659363,0.006874571,694.26,0.8819184601306915,1286144,0.0,-0.021032862
1826,6,0.78867924,0.018346006,-1.52,3391.8207190036774,0.008067351,700.07,0.896550752222538,1290240,0.0,-0.02169199
1832,6,0.79741156,0.020605221,-1.37,3397.7119479179382,0.007353953,707.62,0.8962027505040169,1294336,0.0,-0.025961122
1839,7,0.7947214,0.013824784,-1.51,3403.282403945923,0.006450559,698.92,0.8968260437250137,1298432,0.0,-0.021025276
1844,5,0.7995812,0.017379483,-1.5,3494.223417043686,0.008870329,702.34,0.8947525843977928,1302528,0.0,-0.022757083
1850,6,0.7917347,0.018436348,-1.58,3500.9701738357544,0.007877785,693.56,0.9102867469191551,1306624,0.0,-0.02163729
1855,5,0.81770176,0.018294364,-1.61,3507.788110971451,0.0071621914,692.87,0.8853756636381149,1310720,0.0,-0.023866436
1861,6,0.8313608,0.023979474,-1.62,3513.654310941696,0.008189657,698.51,0.8530653864145279,1314816,0.0,-0.024620354
1867,6,0.8707969,0.018299092,-1.61,3519.637170791626,0.009529473,697.06,0.8703975975513458,1318912,0.0,-0.024651207
1872,5,0.87521267,0.019897461,-1.44,3525.474196910858,0.008853952,706.76,0.8939820751547813,1323008,0.0,-0.022126663
1877,5,0.8709983,0.019358458,-1.53,3531.2334241867065,0.007296908,703.52,0.9064856395125389,1327104,0.0,-0.024189323
1883,6,0.8637667,0.019723104,-1.52,3537.0333738327026,0.0071733766,703.29,0.89205551892519,1331200,0.0,-0.019627005
1888,5,0.86502564,0.024743948,-1.51,3542.9977099895477,0.0071482207,711.07,0.8512472957372665,1335296,0.0,-0.022709941
1895,7,0.8541359,0.015130891,-1.53,3548.7809069156647,0.0075888373,713.46,0.9042317494750023,1339392,0.0,-0.02348692
1900,5,0.8581255,0.01901666,-1.34,3555.7334129810333,0.009308191,716.6,0.8736894726753235,1343488,0.0,-0.024040751
1906,6,0.8501427,0.017987465,-1.39,3562.180402994156,0.008711647,717.04,0.8897143080830574,1347584,0.0,-0.024146153
1911,5,0.8434,0.024720315,-1.29,3568.135104894638,0.0074299704,715.37,0.8951445445418358,1351680,0.0,-0.022156505
1917,6,0.8487095,0.02194585,-1.32,3575.9194889068604,0.007831233,712.97,0.8971044942736626,1355776,0.0,-0.026060686
1923,6,0.82313216,0.019094054,-1.19,3588.514441013336,0.0073529654,718.02,0.8936056047677994,1359872,0.0,-0.022302747
1929,6,0.8457621,0.02430362,-1.14,3597.514664888382,0.009106861,720.64,0.8318659067153931,1363968,0.0,-0.025870731
1935,6,0.86187655,0.019234948,-1.15,3604.6155428886414,0.008153801,723.32,0.8820279985666275,1368064,0.0,-0.026721155
1940,5,0.8349595,0.018313244,-1.07,3610.939846754074,0.00971627,725.6,0.900323860347271,1372160,0.0,-0.023196338
1946,6,0.8599336,0.01597557,-1.18,3617.3024439811707,0.007725346,720.64,0.8742002248764038,1376256,0.0,-0.022909697
1952,6,0.86318815,0.020009037,-1.1,3623.7759499549866,0.00909245,726.17,0.8931680768728256,1380352,0.0,-0.026790498
1958,6,0.9081203,0.018146737,-1.17,3632.0814168453217,0.008793818,715.2,0.8772704601287842,1384448,0.0,-0.027120616
1964,6,0.86729556,0.015034826,-1.09,3640.976014137268,0.010066012,715.44,0.918081596493721,1388544,0.0,-0.02295319
1971,7,0.8336604,0.0132923005,-1.39,3647.6969678401947,0.0079725785,702.35,0.916764035820961,1392640,0.0,-0.02690119
1977,6,0.8415641,0.018512735,-1.35,3654.0230708122253,0.006027686,698.5,0.8973760306835175,1396736,0.0,-0.022590509
1983,6,0.83874816,0.014854343,-1.42,3747.26926779747,0.012591166,698.71,0.8959581479430199,1400832,0.0,-0.028177584
1989,6,0.8304686,0.016377576,-1.4,3753.1037209033966,0.008116604,691.53,0.9006360173225403,1404928,0.0,-0.025787134
1995,6,0.86483,0.020472117,-1.44,3758.9355499744415,0.0077297706,694.84,0.8906492367386818,1409024,0.0,-0.026262937
2001,6,0.84947896,0.015283387,-1.52,3765.0494787693024,0.00866199,693.85,0.9206727668642998,1413120,0.0,-0.027126718
2006,5,0.84863377,0.016225604,-1.53,3770.8579251766205,0.0077079763,690.71,0.8993223756551743,1417216,0.0,-0.024421742
2012,6,0.86135006,0.020609936,-1.57,3776.8206441402435,0.010287346,692.74,0.8217309266328812,1421312,0.0,-0.028793445
2018,6,0.8264805,0.015814597,-1.61,3784.0100378990173,0.0064934134,691.77,0.9167361259460449,1425408,0.0,-0.02241429
2025,7,0.85196,0.019403273,-1.75,3789.9560408592224,0.006198579,686.99,0.8840831145644188,1429504,0.0,-0.027074885
2029,4,0.8257644,0.016923543,-1.68,3795.851275920868,0.008498439,694.61,0.8804964423179626,1433600,0.0,-0.025078984
2035,6,0.816656,0.02322405,-1.73,3803.073276758194,0.008782695,692.9,0.8570708185434341,1437696,0.0,-0.025685472
2041,6,0.8501597,0.018959817,-1.71,3809.2448151111603,0.0070715295,694.02,0.8875893950462341,1441792,0.0,-0.022943825
2047,6,0.858599,0.01737816,-1.56,3815.2316658496857,0.0069232816,687.27,0.906490333378315,1445888,0.0,-0.024307018
2054,7,0.8551743,0.014763956,-1.62,3821.1301980018616,0.008594969,684.01,0.9258590415120125,1449984,0.0,-0.027018838
2059,5,0.8839933,0.017184813,-1.6,3827.420467853546,0.0075019277,686.88,0.8904129564762115,1454080,0.0,-0.027095206
2065,6,0.86160296,0.01684609,-1.68,3833.322854757309,0.00845215,687.68,0.9204714819788933,1458176,0.0,-0.025748724
2071,6,0.8798281,0.019436767,-1.47,3839.133962869644,0.007912467,694.26,0.8644478470087051,1462272,0.0,-0.024819573
2077,6,0.87435675,0.01608151,-1.47,3845.051878929138,0.0075357906,699.85,0.9131126403808594,1466368,0.0,-0.02646276
2083,6,0.88679177,0.015116819,-1.44,3851.0550689697266,0.010383849,695.64,0.8989616483449936,1470464,0.0,-0.026524361
2088,5,0.8870035,0.01494453,-1.4,3857.096646785736,0.009948154,703.32,0.8942798674106598,1474560,0.0,-0.028178481
2093,5,0.8819369,0.019361323,-1.36,3863.0188689231873,0.008790481,702.23,0.8781825080513954,1478656,0.0,-0.02834567
2099,6,0.8829087,0.016437436,-1.42,3868.8863019943237,0.006768844,705.3,0.884880967438221,1482752,0.0,-0.022736069
2105,6,0.9090711,0.020220926,-1.36,3874.7870049476624,0.009909373,704.72,0.861911416053772,1486848,0.0,-0.024569804
2112,7,0.8796608,0.014143099,-1.47,3880.62296295166,0.007353671,697.53,0.9094334095716476,1490944,0.0,-0.022479732
2118,6,0.8582468,0.01310426,-1.56,3886.4866259098053,0.007877708,698.78,0.9044282287359238,1495040,0.0,-0.026740715
2124,6,0.926278,0.013562411,-1.43,3892.3278748989105,0.009075074,702.62,0.9142235442996025,1499136,0.0,-0.024365302
2129,5,0.9005295,0.018274233,-1.46,3971.727238893509,0.0072321994,702.42,0.9058518409729004,1503232,0.0,-0.023749275
2135,6,0.87787485,0.017286519,-1.26,3977.6251349449158,0.007935122,700.79,0.9067435935139656,1507328,0.0,-0.023880154
2140,5,0.88020885,0.019580277,-1.26,3983.506514787674,0.0077101598,698.0,0.9046345502138138,1511424,0.0,-0.024458082
2146,6,0.86600757,0.018440077,-1.35,3989.4442319869995,0.008088384,703.63,0.907365545630455,1515520,0.0,-0.024653768
2152,6,0.8916107,0.017747216,-1.26,3995.3422060012817,0.010083907,707.13,0.892535075545311,1519616,0.0,-0.03254219
2157,5,0.8727283,0.020551732,-1.21,4001.1510269641876,0.009595941,708.91,0.8871193081140518,1523712,0.0,-0.02704355
2163,6,0.84229565,0.018844796,-1.17,4007.0678639411926,0.008676436,706.91,0.8878469839692116,1527808,0.0,-0.026388997
2170,7,0.87744975,0.014926441,-1.34,4013.1776270866394,0.008140962,707.69,0.8939694836735725,1531904,0.0,-0.028174212
2176,6,0.85604084,0.021341309,-1.33,4019.189606189728,0.008238998,700.23,0.8792084157466888,1536000,0.0,-0.025408158
2182,6,0.9141939,0.020741606,-1.35,4025.1332058906555,0.010091965,701.46,0.8829580098390579,1540096,0.0,-0.02836156
2188,6,0.88355476,0.018502522,-1.36,4030.990793943405,0.008368417,699.69,0.8902305513620377,1544192,0.0,-0.025916371
2193,5,0.87386346,0.013487726,-1.36,4036.860692024231,0.009204863,700.3,0.906775489449501,1548288,0.0,-0.030339032
2199,6,0.90441144,0.016469147,-1.28,4042.716453075409,0.009429472,695.32,0.9225936159491539,1552384,0.0,-0.029361106
2205,6,0.85594845,0.02132275,-1.26,4048.5980920791626,0.010402549,698.25,0.8881144821643829,1556480,0.0,-0.027606606
2210,5,0.8830678,0.016182495,-1.22,4054.516497850418,0.008924471,703.22,0.8926299065351486,1560576,0.0,-0.027534043
2216,6,0.8553736,0.020003129,-1.13,4060.3765501976013,0.009447533,703.39,0.9087453261017799,1564672,0.0,-0.024952965
2223,7,0.84411013,0.017207239,-1.19,4067.796865940094,0.0067759226,699.67,0.9184298142790794,1568768,0.0,-0.026564743
2229,6,0.8495486,0.016023492,-1.19,4075.01313996315,0.010392842,696.15,0.911865234375,1572864,0.0,-0.027665315
2234,5,0.8753893,0.025735188,-1.33,4082.5834538936615,0.00787154,696.05,0.8589515835046768,1576960,0.0,-0.02521824
2240,6,0.8949794,0.016657842,-1.45,4088.5704550743103,0.00923394,700.11,0.8792583346366882,1581056,0.0,-0.030153135
2246,6,0.85177726,0.020229047,-1.55,4094.562269926071,0.008773201,694.06,0.8503153622150421,1585152,0.0,-0.030992243
2252,6,0.8394062,0.022594718,-1.51,4101.084891080856,0.009989033,695.65,0.8575622737407684,1589248,0.0,-0.028798072
2258,6,0.8906892,0.017858379,-1.54,4107.115238904953,0.008628104,692.13,0.8967103138566017,1593344,0.0,-0.029599972
2264,6,0.8568699,0.018254422,-1.5,4113.953090906143,0.00743782,693.48,0.8823643028736115,1597440,0.0,-0.02924748
2268,4,0.82954234,0.018872615,-1.41,4196.447772026062,0.007403761,702.91,0.9205986335873604,1601536,0.0,-0.025045596
2274,6,0.8684294,0.012821478,-1.28,4203.171623945236,0.007542914,715.62,0.9142083674669266,1605632,0.0,-0.0283936
2279,5,0.8311966,0.013293256,-1.22,4209.216084957123,0.011387961,714.04,0.9290489256381989,1609728,0.0,-0.029061887
2285,6,0.8289186,0.01754773,-1.23,4215.366737127304,0.008696141,713.18,0.9022564962506294,1613824,0.0,-0.026659105
2291,6,0.7950811,0.017153442,-1.35,4221.185926198959,0.009115232,709.75,0.8842770680785179,1617920,0.0,-0.029224025
2297,6,0.841085,0.017069764,-1.3,4227.025013923645,0.008906335,714.92,0.8560815900564194,1622016,0.0,-0.026248658
2303,6,0.81237817,0.016595442,-1.27,4232.8773827552795,0.0083580185,711.2,0.892597995698452,1626112,0.0,-0.026364077
2308,5,0.8330135,0.015827326,-1.22,4238.687972068787,0.008868369,708.19,0.9232876226305962,1630208,0.0,-0.026944304
2314,6,0.8702793,0.018027127,-1.21,4244.656640052795,0.010611908,714.51,0.8861274421215057,1634304,0.0,-0.032580566
2319,5,0.8752604,0.014878598,-1.13,4251.051654100418,0.0090025645,717.76,0.9068316891789436,1638400,0.0,-0.03073279
2326,7,0.80192846,0.019663898,-1.15,4256.865099906921,0.008387973,718.72,0.8722301423549652,1642496,0.0,-0.027606633
2331,5,0.8194153,0.017392663,-1.14,4262.75137090683,0.007817819,722.73,0.9162565916776657,1646592,0.0,-0.026427437
2337,6,0.85968494,0.018090334,-1.14,4268.617087841034,0.007876003,720.6,0.8970224261283875,1650688,0.0,-0.026326196
2342,5,0.8476571,0.017427387,-1.12,4274.874655008316,0.0069516,718.56,0.8991776183247566,1654784,0.0,-0.027816279
2348,6,0.8726212,0.018453628,-1.01,4280.714003801346,0.00945812,729.33,0.8775514215230942,1658880,0.0,-0.028272487
2353,5,0.8748471,0.018375402,-0.93,4286.599974155426,0.009237803,733.58,0.897195003926754,1662976,0.0,-0.026653515
2359,6,0.8124248,0.014625778,-1.0,4292.455668926239,0.0077812993,734.26,0.8994865640997887,1667072,0.0,-0.02585735
2364,5,0.8582683,0.028595682,-1.01,4298.262003898621,0.009252876,732.65,0.8652680516242981,1671168,0.0,-0.027994085
2370,6,0.82824874,0.014866503,-1.17,4304.088469982147,0.007642586,721.34,0.8923348113894463,1675264,0.0,-0.025345594
2377,7,0.79580736,0.014222401,-1.37,4310.018256187439,0.00737105,714.03,0.8982703164219856,1679360,0.0,-0.026454555
2382,5,0.8261416,0.015788358,-1.35,4315.832230091095,0.009644706,715.65,0.903726115822792,1683456,0.0,-0.028400434
2388,6,0.8374356,0.020305345,-1.27,4321.704841852188,0.0075466284,713.67,0.8994669616222382,1687552,0.0,-0.028167408
2394,6,0.8785868,0.015732821,-1.23,4327.5358147621155,0.008419954,723.0,0.8700271099805832,1691648,0.0,-0.02630612
2400,6,0.81417054,0.016965093,-1.4,4333.553062915802,0.008250079,718.4,0.9130523949861526,1695744,0.0,-0.02637137
2405,5,0.8547574,0.01771375,-1.34,4339.438637018204,0.009197613,723.14,0.9016896486282349,1699840,0.0,-0.030101812
2411,6,0.82035077,0.015765427,-1.34,4421.960453033447,0.008954031,717.65,0.9035924598574638,1703936,0.0,-0.02692047
2417,6,0.8227417,0.015913732,-1.44,4428.841474056244,0.008654989,708.26,0.9065194353461266,1708032,0.0,-0.02702803
2424,7,0.80168384,0.013883178,-1.39,4434.859798908234,0.00868257,710.28,0.9171837344765663,1712128,0.0,-0.028875407
2430,6,0.8145066,0.014294555,-1.3,4440.671592950821,0.009034962,705.63,0.903709702193737,1716224,0.0,-0.030236378
2436,6,0.75977093,0.019111354,-1.42,4446.512867927551,0.009141635,699.65,0.881404384970665,1720320,0.0,-0.029037211
2442,6,0.8370126,0.02466779,-1.28,4452.391196966171,0.008526036,699.09,0.852048248052597,1724416,0.0,-0.028303767
2449,7,0.7940094,0.019729722,-1.39,4458.474766969681,0.009388936,688.52,0.8949832022190094,1728512,0.0,-0.030375315
2455,6,0.8092568,0.020825453,-1.42,4464.48540687561,0.010050822,680.39,0.8817980960011482,1732608,0.0,-0.029573571
2461,6,0.7775726,0.013969693,-1.34,4470.433176040649,0.008233403,681.16,0.9037205576896667,1736704,0.0,-0.028511494
2467,6,0.75998265,0.017248778,-1.29,4476.289995908737,0.008469192,680.64,0.9191321134567261,1740800,0.0,-0.029033458
2473,6,0.7453927,0.016373418,-1.19,4482.10697221756,0.0072110277,674.61,0.9196742996573448,1744896,0.0,-0.027240202
2479,6,0.7812019,0.015763156,-1.14,4488.004009008408,0.008379692,676.12,0.8761032223701477,1748992,0.0,-0.028326144
2485,6,0.8128309,0.016016008,-0.95,4493.83615398407,0.00935361,682.01,0.8807641044259071,1753088,0.0,-0.029113716
2491,6,0.76994413,0.0163226,-0.98,4499.8040599823,0.008149956,678.31,0.9237896800041199,1757184,0.0,-0.027957879
2497,6,0.80107164,0.017975643,-0.83,4505.696950912476,0.007439915,679.9,0.8895869255065918,1761280,0.0,-0.02588923
2502,5,0.81438255,0.018265298,-0.92,4511.6246881484985,0.010751148,676.92,0.8790764659643173,1765376,0.0,-0.03061125
2508,6,0.76999253,0.018660719,-1.01,4517.505486965179,0.007540662,674.48,0.8946028053760529,1769472,0.0,-0.025685648
2515,7,0.7533766,0.019258369,-0.93,4523.398206949234,0.007325035,673.04,0.9170020222663879,1773568,0.0,-0.025738552
2521,6,0.7846039,0.01508745,-0.82,4529.250845909119,0.008691212,673.53,0.9117063283920288,1777664,0.0,-0.029016742
2525,4,0.81165594,0.018114181,-0.89,4535.274574995041,0.009268413,685.08,0.9006409123539925,1781760,0.0,-0.028929714
2532,7,0.7367519,0.017242037,-0.92,4541.0505027771,0.007574914,682.53,0.9141339361667633,1785856,0.0,-0.027955398
2538,6,0.8463883,0.020689711,-0.77,4546.940651893616,0.009137787,688.63,0.8724254965782166,1789952,0.0,-0.030252595
2544,6,0.79524225,0.01323918,-0.84,4552.929219007492,0.010908962,683.68,0.9100459814071655,1794048,0.0,-0.030329207
2550,6,0.8383406,0.016458265,-0.71,4558.789808988571,0.008022468,689.39,0.9079600423574448,1798144,0.0,-0.02870864
2556,6,0.75798064,0.019557986,-0.8,4635.616916894913,0.0071183383,686.34,0.8835016638040543,1802240,0.0,-0.025857994
2563,7,0.79251695,0.018636493,-0.79,4641.467777013779,0.007425057,680.61,0.9037257805466652,1806336,0.0,-0.0269071
2569,6,0.84383297,0.018828224,-0.82,4647.272700786591,0.010189648,681.34,0.8672510832548141,1810432,0.0,-0.028244374
2575,6,0.8184391,0.012610781,-0.65,4653.075913906097,0.008675465,690.95,0.9218882694840431,1814528,0.0,-0.030158281
2581,6,0.7650104,0.014666276,-0.76,4658.920720100403,0.0077466737,679.62,0.8808762431144714,1818624,0.0,-0.02727447
2587,6,0.83063626,0.017946484,-0.96,4664.89332985878,0.009051405,680.78,0.9000477939844131,1822720,0.0,-0.029171113
2593,6,0.76751757,0.017409869,-1.0,4670.714321136475,0.008093251,679.82,0.8719559907913208,1826816,0.0,-0.02916701
2599,6,0.8296957,0.017289689,-1.1,4676.52713394165,0.0130302515,674.3,0.8968454152345657,1830912,0.0,-0.029033348
2605,6,0.8532982,0.018486422,-1.04,4682.345414876938,0.010403566,676.34,0.8975792676210403,1835008,0.0,-0.028332563
2611,6,0.8618632,0.014132336,-0.85,4688.210978031158,0.009402674,684.22,0.9013605564832687,1839104,0.0,-0.030428225
2617,6,0.8525977,0.014928564,-0.96,4695.414950847626,0.011392585,685.17,0.9046817421913147,1843200,0.0,-0.031444587
2623,6,0.8428061,0.018402342,-0.92,4701.544849157333,0.008850188,678.38,0.8827161490917206,1847296,0.0,-0.031483877
2628,5,0.8564026,0.015338726,-0.89,4707.398637056351,0.00912611,677.56,0.8937340974807739,1851392,0.0,-0.027889606
2633,5,0.87416744,0.014139924,-0.94,4713.247493982315,0.010584631,685.8,0.8748910874128342,1855488,0.0,-0.031331673
2639,6,0.8516336,0.018981446,-1.13,4719.173642873764,0.009311154,684.93,0.9009790271520615,1859584,0.0,-0.028437048
2645,6,0.8715056,0.014580136,-1.23,4725.551708936691,0.0078735035,691.97,0.9079746976494789,1863680,0.0,-0.026159978
2650,5,0.8847244,0.019369999,-1.23,4731.337891101837,0.009869075,692.13,0.8737280368804932,1867776,0.0,-0.029829748
2656,6,0.88966584,0.014485938,-1.17,4737.18145775795,0.010573723,696.65,0.8756159618496895,1871872,0.0,-0.030495197
2662,6,0.90104324,0.014090237,-1.05,4743.182106971741,0.012312799,705.87,0.9012160748243332,1875968,0.0,-0.033369385
2667,5,0.9306461,0.020848032,-1.2,4748.993488073349,0.009280241,709.55,0.8827532231807709,1880064,0.0,-0.03232484
2673,6,0.8751784,0.0144357765,-1.35,4754.996776819229,0.008838273,704.83,0.9014009982347488,1884160,0.0,-0.029655118
2680,7,0.90885276,0.015831102,-1.4,4760.817794084549,0.011435791,707.92,0.9017189592123032,1888256,0.0,-0.03106833
2687,7,0.8504116,0.016448935,-1.58,4766.70632481575,0.009738077,696.61,0.8761453256011009,1892352,0.0,-0.033266455
2692,5,0.8744092,0.014972655,-1.53,4772.5720818042755,0.010922212,703.55,0.9209244549274445,1896448,0.0,-0.02972459
2698,6,0.87543887,0.0163997,-1.53,4851.693222045898,0.008874864,701.97,0.8818034157156944,1900544,0.0,-0.02989288
2704,6,0.91315275,0.019112471,-1.5,4858.201304912567,0.010789792,702.01,0.8980025872588158,1904640,0.0,-0.034300685
2710,6,0.9096071,0.018224554,-1.52,4864.108031988144,0.008666752,701.81,0.8989201411604881,1908736,0.0,-0.02955207
2716,6,0.8629359,0.0162676,-1.64,4869.995563030243,0.0093218805,701.18,0.9210394322872162,1912832,0.0,-0.030111533
2722,6,0.8926052,0.016257666,-1.6,4875.9633231163025,0.0106367655,701.87,0.9066641479730606,1916928,0.0,-0.029309187
2727,5,0.8778335,0.018586004,-1.45,4881.805575847626,0.010720737,704.34,0.9027476608753204,1921024,0.0,-0.029747961
2733,6,0.8413671,0.017893199,-1.33,4887.638064146042,0.008409887,701.51,0.9223677068948746,1925120,0.0,-0.029406803
2740,7,0.7753067,0.014703183,-1.32,4893.445830106735,0.011262756,687.77,0.9281869232654572,1929216,0.0,-0.02838188
2747,7,0.79897416,0.016079713,-1.39,4899.263702869415,0.008034482,680.98,0.9098791256546974,1933312,0.0,-0.02929451
2753,6,0.83783627,0.019814804,-1.36,4905.288699865341,0.009289354,679.83,0.901742123067379,1937408,0.0,-0.032651216
2759,6,0.7956119,0.019835602,-1.24,4911.093057870865,0.009940583,676.22,0.9068528115749359,1941504,0.0,-0.031177074
2765,6,0.781185,0.022495821,-1.21,4916.914006948471,0.010391321,669.39,0.8688786029815674,1945600,0.0,-0.030896038
2771,6,0.7644186,0.020613294,-1.13,4922.760596990585,0.010050698,671.1,0.8911194279789925,1949696,0.0,-0.028699495
2777,6,0.77410126,0.016824557,-1.03,4928.577554941177,0.009526539,672.31,0.8963626697659492,1953792,0.0,-0.030380694
2783,6,0.756597,0.01816702,-0.91,4934.572095870972,0.008254503,677.87,0.894887201488018,1957888,0.0,-0.02781533
2789,6,0.76525575,0.015516947,-0.87,4940.814321041107,0.0084236795,685.05,0.8985182344913483,1961984,0.0,-0.029975343
2794,5,0.77177984,0.020605993,-0.92,4946.697162866592,0.009832403,682.15,0.8309763073921204,1966080,0.0,-0.0317615
2800,6,0.69595104,0.020423494,-0.99,4952.632289886475,0.009168073,682.93,0.8673763573169708,1970176,0.0,-0.029760178
2806,6,0.7602095,0.012953413,-1.01,4958.449309825897,0.00842668,683.51,0.89700997620821,1974272,0.0,-0.028827235
2813,7,0.74971795,0.014338641,-1.05,4964.396826028824,0.008550298,676.39,0.9086872339248657,1978368,0.0,-0.027714124
2819,6,0.6833242,0.01445517,-1.05,4970.359014749527,0.007495046,675.13,0.9041269421577454,1982464,0.0,-0.027004909
2825,6,0.7724247,0.01239307,-1.25,4976.570833206177,0.00905354,674.83,0.9226175844669342,1986560,0.0,-0.027780809
2830,5,0.7575732,0.022327485,-1.37,4982.39150595665,0.008979861,674.08,0.8795203566551208,1990656,0.0,-0.030182205
2837,7,0.74990255,0.023207266,-1.44,4988.232074975967,0.01020913,675.1,0.8660419285297394,1994752,0.0,-0.02718549
2842,5,0.7611123,0.019416735,-1.3,4994.121119976044,0.008733279,685.64,0.8994698151946068,1998848,0.0,-0.028479464
2847,5,0.7663347,0.01672303,-1.15,5081.63343000412,0.009055335,697.32,0.8977422118186951,2002944,0.0,-0.029329322
2854,7,0.73814553,0.016248126,-1.31,5088.201276779175,0.008379595,689.91,0.9124888256192207,2007040,0.0,-0.028596187
2860,6,0.7688743,0.014574544,-1.46,5094.088783979416,0.008440765,688.92,0.8619224429130554,2011136,0.0,-0.029570816
2865,5,0.7507949,0.016724937,-1.52,5100.00103187561,0.007988152,695.74,0.8845101594924927,2015232,0.0,-0.028427195
2871,6,0.7766703,0.012910173,-1.46,5105.8341591358185,0.008927666,699.2,0.8966948091983795,2019328,0.0,-0.031002082
2876,5,0.7457159,0.015032557,-1.57,5111.714332103729,0.007010781,698.55,0.9013623520731926,2023424,0.0,-0.026675439
2883,7,0.7338113,0.012950484,-1.67,5117.683755874634,0.009863711,694.02,0.9218925312161446,2027520,0.0,-0.025996894
2889,6,0.73967195,0.019798927,-1.55,5123.537659883499,0.009522224,695.05,0.887904442846775,2031616,0.0,-0.027625535
2895,6,0.748632,0.016348114,-1.55,5129.38436293602,0.00828256,693.88,0.8766305446624756,2035712,0.0,-0.028147329
2901,6,0.71252894,0.015176763,-1.55,5135.371376991272,0.010831213,687.3,0.9315630719065666,2039808,0.0,-0.027750328
2908,7,0.7333777,0.01457432,-1.71,5141.189721107483,0.008386399,686.6,0.9261465147137642,2043904,0.0,-0.0258248
2914,6,0.7244146,0.017133368,-1.73,5147.084998846054,0.007646352,686.23,0.9153600633144379,2048000,0.0,-0.026141422
2920,6,0.74281824,0.01769056,-1.6,5152.914892911911,0.008789694,689.82,0.929307259619236,2052096,0.0,-0.030095942
2926,6,0.75617784,0.013294406,-1.57,5159.081957101822,0.010613591,684.74,0.9182259440422058,2056192,0.0,-0.029643776
2932,6,0.76819414,0.017851261,-1.48,5165.052344083786,0.008928003,683.37,0.8933966681361198,2060288,0.0,-0.030705385
2938,6,0.75427634,0.013853923,-1.57,5170.893650770187,0.009652096,686.59,0.9054726362228394,2064384,0.0,-0.027307168
2944,6,0.77423877,0.015083566,-1.53,5176.851548194885,0.009919473,675.75,0.9078571647405624,2068480,0.0,-0.030047068
2949,5,0.80795044,0.01443564,-1.42,5182.681557893753,0.009796026,684.27,0.9158938750624657,2072576,0.0,-0.02936565
2955,6,0.70405716,0.018445406,-1.41,5188.729696989059,0.008599178,687.52,0.9061959832906723,2076672,0.0,-0.029307628
2961,6,0.7878091,0.017523943,-1.4,5194.587985754013,0.008878806,686.39,0.9030054658651352,2080768,0.0,-0.028919311
2967,6,0.7693585,0.018901328,-1.46,5200.486566781998,0.009062292,680.16,0.8953015357255936,2084864,0.0,-0.0312005
2973,6,0.73342144,0.014845597,-1.52,5206.310751914978,0.009773045,684.35,0.8964774534106255,2088960,0.0,-0.031003483
2978,5,0.7765968,0.018748235,-1.38,5212.225056886673,0.008362594,682.58,0.8861150965094566,2093056,0.0,-0.030594176
2984,6,0.75692815,0.015414025,-1.29,5218.052326202393,0.008992771,690.54,0.9196637645363808,2097152,0.0,-0.029228294
2989,5,0.7841325,0.018173505,-1.18,5299.299660921097,0.010166107,693.63,0.8896751776337624,2101248,0.0,-0.029521912
2995,6,0.7358216,0.021119233,-1.17,5306.566284894943,0.008980967,693.27,0.8813177049160004,2105344,0.0,-0.027719192
3001,6,0.76242614,0.017797152,-1.0,5312.537945985794,0.008414842,699.17,0.9056737795472145,2109440,0.0,-0.024486823
3007,6,0.713507,0.014133687,-0.86,5318.362623929977,0.008240446,702.84,0.9314047545194626,2113536,0.0,-0.029134497
3014,7,0.7270408,0.019369725,-0.99,5324.40273308754,0.00913707,700.85,0.912334680557251,2117632,0.0,-0.028296163
3020,6,0.7850993,0.014506779,-0.9,5330.282363891602,0.011769351,698.48,0.9050727635622025,2121728,0.0,-0.03206226
3025,5,0.77806693,0.014937524,-0.87,5336.164677143097,0.009874745,703.13,0.9253608658909798,2125824,0.0,-0.029643556
3032,7,0.75968415,0.018641913,-0.93,5342.006989955902,0.010181117,697.28,0.9000023454427719,2129920,0.0,-0.03093977
3038,6,0.7807866,0.019130336,-0.81,5347.858807086945,0.011141861,698.48,0.8785973936319351,2134016,0.0,-0.029776348
3044,6,0.76300347,0.018386973,-0.94,5353.708034992218,0.008469611,698.91,0.8825301602482796,2138112,0.0,-0.030899968
3050,6,0.77864784,0.015491369,-0.93,5359.69485783577,0.008711045,694.19,0.9208284541964531,2142208,0.0,-0.029523628
3055,5,0.7583071,0.017292298,-1.0,5365.653110027313,0.008142973,692.73,0.9122600480914116,2146304,0.0,-0.029983167
3061,6,0.7704889,0.016159646,-0.95,5371.524436950684,0.010927849,695.02,0.9144982472062111,2150400,0.0,-0.03137826
3067,6,0.75963056,0.016929744,-0.97,5377.41312789917,0.0092765745,697.43,0.9176973551511765,2154496,0.0,-0.031045469
3073,6,0.79504186,0.015188487,-0.89,5383.361790895462,0.007978918,694.31,0.9184679388999939,2158592,0.0,-0.03018737
3078,5,0.7934326,0.018495634,-0.96,5389.234419822693,0.0089286985,694.26,0.8944548740983009,2162688,0.0,-0.02791917
3085,7,0.7673334,0.017475799,-0.79,5395.186177968979,0.008069677,689.63,0.9075016230344772,2166784,0.0,-0.028582703
3090,5,0.7812099,0.016499052,-0.86,5401.0385389328,0.007953704,684.64,0.8973679766058922,2170880,0.0,-0.02815428
3096,6,0.77028906,0.019786248,-0.69,5406.893947839737,0.009279979,683.62,0.8988296240568161,2174976,0.0,-0.030339891
3102,6,0.74909383,0.015423734,-0.81,5412.771016836166,0.008588735,689.43,0.9022734090685844,2179072,0.0,-0.028509589
3108,6,0.7375814,0.022033865,-0.67,5418.648865938187,0.010460104,692.86,0.897516742348671,2183168,0.0,-0.029757846
3114,6,0.74424523,0.017109428,-0.61,5424.498403072357,0.010564658,695.8,0.9098346903920174,2187264,0.0,-0.029434133
3119,5,0.76751894,0.015596495,-0.8,5430.412367105484,0.008706343,700.02,0.8882638812065125,2191360,0.0,-0.028246025
3125,6,0.7831268,0.016644457,-0.77,5436.24874997139,0.010321936,700.39,0.9081877917051315,2195456,0.0,-0.03028166
3130,5,0.7544318,0.018373864,-0.65,5442.116988897324,0.008386501,704.3,0.8981523141264915,2199552,0.0,-0.027992401
3136,6,0.78617746,0.013729294,-0.68,5518.541532754898,0.011184959,703.26,0.910347081720829,2203648,0.0,-0.032146577
3142,6,0.7364844,0.016400296,-0.64,5525.186316013336,0.011312874,700.92,0.9315395504236221,2207744,0.0,-0.03043931
3149,7,0.7719173,0.013237836,-0.64,5531.0659239292145,0.009778361,697.05,0.9366084635257721,2211840,0.0,-0.030520774
3155,6,0.7521366,0.015096962,-0.56,5536.960660934448,0.009092305,702.18,0.9163094162940979,2215936,0.0,-0.028184637
3161,6,0.7166358,0.015586351,-0.43,5543.092090129852,0.010356118,701.88,0.9073854461312294,2220032,0.0,-0.02910574
3167,6,0.7328487,0.016820468,-0.52,5548.896346092224,0.010082053,696.74,0.9045720398426056,2224128,0.0,-0.029104752
3173,6,0.72207135,0.016687158,-0.63,5554.745736837387,0.01050654,693.96,0.9043217524886131,2228224,0.0,-0.034043673
3180,7,0.6930704,0.015897037,-0.79,5560.624153137207,0.008314628,688.08,0.9205536246299744,2232320,0.0,-0.027462555
3185,5,0.76962554,0.020061158,-0.8,5566.554399013519,0.011881025,692.44,0.8912665396928787,2236416,0.0,-0.03218338
3191,6,0.6885563,0.01623997,-0.88,5572.327226161957,0.009564103,694.64,0.9200831726193428,2240512,0.0,-0.029544657
3197,6,0.71641177,0.022156188,-0.92,5578.171993970871,0.0071986048,695.75,0.8885866180062294,2244608,0.0,-0.028999573
3202,5,0.7200838,0.016993754,-0.96,5583.984240055084,0.009975926,694.05,0.8863292708992958,2248704,0.0,-0.030755129
3208,6,0.7075503,0.017565195,-0.91,5589.907441139221,0.0100491885,693.66,0.9050809219479561,2252800,0.0,-0.027040951
3213,5,0.7087873,0.01594071,-0.87,5595.958662033081,0.009656323,701.72,0.9017712622880936,2256896,0.0,-0.029406996
3219,6,0.67047,0.014137856,-0.75,5602.162633895874,0.008887355,697.77,0.8959366083145142,2260992,0.0,-0.025852624
3225,6,0.6759641,0.018733826,-0.69,5608.032514095306,0.009812572,695.31,0.8951306864619255,2265088,0.0,-0.029538125
3231,6,0.66815066,0.017449928,-0.79,5613.900065898895,0.0079892995,690.03,0.9214233905076981,2269184,0.0,-0.02639648
3237,6,0.68333626,0.018618502,-0.91,5619.808110952377,0.007587287,686.37,0.9027012288570404,2273280,0.0,-0.029064342
3244,7,0.64839035,0.015110879,-1.04,5625.882894992828,0.008771804,684.73,0.9255156219005585,2277376,0.0,-0.02785952
3250,6,0.6587357,0.017991519,-1.07,5631.750144004822,0.008095013,687.94,0.9102466702461243,2281472,0.0,-0.03018632
3255,5,0.6871537,0.016281776,-1.04,5637.56125998497,0.010536391,695.92,0.8770410791039467,2285568,0.0,-0.03522254
3261,6,0.6571568,0.018194169,-1.19,5643.400586843491,0.007771781,696.43,0.9246053546667099,2289664,0.0,-0.025025718
3267,6,0.64124465,0.02223467,-1.04,5649.29301905632,0.007819022,699.7,0.879759818315506,2293760,0.0,-0.03103042
3272,5,0.6593025,0.017992485,-0.93,5655.6399710178375,0.008560968,705.92,0.8600503504276276,2297856,0.0,-0.029245794
3277,5,0.6505147,0.019670151,-0.79,5737.712599039078,0.008713608,716.72,0.9073667451739311,2301952,0.0,-0.028845904
3283,6,0.6601443,0.017674427,-0.73,5744.227023124695,0.009913959,714.08,0.9098519757390022,2306048,0.0,-0.030694619
3289,6,0.67120856,0.017578317,-0.85,5750.2916741371155,0.009201959,706.71,0.8989928141236305,2310144,0.0,-0.02686693
3295,6,0.6777837,0.019975262,-0.83,5756.2403881549835,0.008814623,707.61,0.8978582620620728,2314240,0.0,-0.029173674
3301,6,0.68512094,0.018486133,-0.88,5762.07349896431,0.009423044,708.07,0.8672902435064316,2318336,0.0,-0.034373876
3307,6,0.65167016,0.019446643,-0.99,5772.896913051605,0.008519293,705.47,0.9072978645563126,2322432,0.0,-0.026060339
3314,7,0.66618776,0.014540669,-0.98,5779.311715126038,0.00755024,695.32,0.8704310357570648,2326528,0.0,-0.027165249
3320,6,0.6489669,0.017527984,-1.01,5785.639805793762,0.0068169152,689.97,0.9199396967887878,2330624,0.0,-0.031313177
3326,6,0.65645546,0.018012755,-1.16,5791.431864976883,0.008622411,684.17,0.8888963386416435,2334720,0.0,-0.030628989
3332,6,0.6460917,0.018751321,-1.1,5797.25679397583,0.009074212,689.62,0.9032096639275551,2338816,0.0,-0.02992152
3338,6,0.6478685,0.016616652,-1.09,5803.16405081749,0.009060522,690.5,0.9005087837576866,2342912,0.0,-0.03145693
3343,5,0.69458866,0.022137284,-0.96,5809.143169879913,0.010566613,703.85,0.8441683948040009,2347008,0.0,-0.029747175
3348,5,0.6650803,0.016043453,-0.86,5814.988852024078,0.008507253,705.76,0.8868911787867546,2351104,0.0,-0.029905947
3354,6,0.6879808,0.01466622,-0.7,5820.569960832596,0.00974195,703.17,0.9045145884156227,2355200,0.0,-0.031337075
3361,7,0.6602323,0.014667165,-0.68,5826.187250852585,0.008109379,694.17,0.9147125408053398,2359296,0.0,-0.027102053
3368,7,0.69262433,0.015389138,-0.55,5831.841026067734,0.010994183,688.49,0.9143906533718109,2363392,0.0,-0.031645037
3373,5,0.66037875,0.017423537,-0.62,5838.02669095993,0.008261279,684.78,0.894852913916111,2367488,0.0,-0.03042031
3380,7,0.6613926,0.020523867,-0.79,5844.056645154953,0.009211837,678.66,0.9129119366407394,2371584,0.0,-0.03151035
3386,6,0.6250374,0.015527814,-0.82,5849.672099113464,0.008626295,676.13,0.9160073399543762,2375680,0.0,-0.029815322
3392,6,0.6905926,0.013926184,-0.77,5862.540011882782,0.008823087,678.08,0.9094522893428802,2379776,0.0,-0.030023428
3398,6,0.6874122,0.018272063,-0.87,5873.0920350551605,0.01132035,672.8,0.9097413867712021,2383872,0.0,-0.031942546
3404,6,0.68380237,0.017563077,-0.77,5881.096507072449,0.008691816,676.76,0.8906038776040077,2387968,0.0,-0.03247753
3411,7,0.6432424,0.01835662,-0.7,5887.92027592659,0.00888001,673.38,0.9132197573781013,2392064,0.0,-0.028884176
3416,5,0.6985266,0.018182868,-0.71,5894.0736701488495,0.0075563067,679.6,0.8964650630950928,2396160,0.0,-0.029688895
3422,6,0.6668055,0.021181135,-0.78,6058.971411943436,0.0075409594,681.11,0.887300156056881,2400256,0.0,-0.027148303
3427,5,0.6993246,0.01691819,-0.74,6066.564148902893,0.010580454,692.17,0.8860026746988297,2404352,0.0,-0.031127272
3433,6,0.6745932,0.020522773,-0.82,6074.049143075943,0.0064581735,687.96,0.8943410515785217,2408448,0.0,-0.026573986
3440,7,0.67119646,0.01874247,-0.92,6080.925449848175,0.008133688,682.27,0.9142075181007385,2412544,0.0,-0.026951471
3445,5,0.68649065,0.02157689,-0.96,6086.995161056519,0.008847981,679.5,0.8822990208864212,2416640,0.0,-0.031016577
3452,7,0.67706734,0.02255028,-1.01,6093.356819868088,0.008537152,672.94,0.8644113093614578,2420736,0.0,-0.030133476
3457,5,0.6916894,0.018913327,-0.95,6099.042865037918,0.007895356,678.7,0.8796169087290764,2424832,0.0,-0.028874326
3463,6,0.7237404,0.018535316,-0.97,6104.366547822952,0.008569702,690.12,0.9108118489384651,2428928,0.0,-0.029423952
3468,5,0.7049729,0.018108724,-0.98,6109.726320028305,0.008413583,692.25,0.877998873591423,2433024,0.0,-0.03156929
3474,6,0.72389716,0.017301086,-0.94,6116.253492832184,0.01035006,692.41,0.8875559419393539,2437120,0.0,-0.03234308
3479,5,0.73839015,0.016160017,-0.82,6121.676422119141,0.010664659,698.47,0.9133917391300201,2441216,0.0,-0.03486155
3485,6,0.7093443,0.016059216,-0.77,6126.99307012558,0.008548358,699.24,0.914990521967411,2445312,0.0,-0.030074337
3492,7,0.7246573,0.0152863795,-0.87,6132.211760044098,0.009940643,698.46,0.9136458784341812,2449408,0.0,-0.031780973
3497,5,0.7139526,0.015455938,-0.87,6137.491704940796,0.009690074,703.88,0.9081791192293167,2453504,0.0,-0.030444698
3503,6,0.70308316,0.016360266,-0.88,6142.727519989014,0.010702091,701.59,0.9055445045232773,2457600,0.0,-0.030905342
3509,6,0.71279645,0.015582289,-1.14,6148.006165981293,0.007570874,704.95,0.9193655252456665,2461696,0.0,-0.030404314
3515,6,0.74471045,0.018677289,-1.23,7428.973318099976,0.008405435,701.48,0.8584893643856049,2465792,0.0,-0.02991579
3521,6,0.758712,0.017824104,-1.23,7439.668674945831,0.010565515,704.02,0.8856519982218742,2469888,0.0,-0.032148518
3527,6,0.7225117,0.015587547,-1.21,7447.073869943619,0.010389733,698.07,0.8929286003112793,2473984,0.0,-0.031903774
3533,6,0.69618225,0.018991506,-1.11,7457.937405824661,0.008612592,700.48,0.8980920016765594,2478080,0.0,-0.029818393
3538,5,0.7254658,0.02038415,-1.08,7466.150664806366,0.010285395,707.36,0.8576040863990784,2482176,0.0,-0.031854525
3545,7,0.7426166,0.013699132,-1.09,7473.368216991425,0.00996119,701.36,0.905413806438446,2486272,0.0,-0.030221755
3550,5,0.77010274,0.01498042,-1.11,7483.965045928955,0.012231809,703.09,0.9034978523850441,2490368,0.0,-0.030592935
3557,7,0.738892,0.014572936,-1.11,7494.751113891602,0.009217737,696.16,0.9219011217355728,2494464,0.0,-0.03034737
3563,6,0.77343,0.019378278,-1.08,7506.20477104187,0.008911576,695.79,0.8925214186310768,2498560,0.0,-0.033291582
3568,5,0.7551915,0.017141668,-1.19,7629.087898015976,0.009059993,697.07,0.879980780184269,2502656,0.0,-0.030693695
3574,6,0.74756664,0.01731928,-1.26,7635.189458847046,0.010841,696.02,0.8728058785200119,2506752,0.0,-0.03217281
3579,5,0.75418484,0.020803029,-1.24,7642.764183998108,0.00880565,697.75,0.9093585982918739,2510848,0.0,-0.031302005
3585,6,0.7134185,0.020980379,-1.19,7651.102145910263,0.008585022,696.87,0.9009331911802292,2514944,0.0,-0.02982916
3591,6,0.7520549,0.015179685,-1.11,7659.7410769462585,0.009292867,697.58,0.8653765171766281,2519040,0.0,-0.030711532
3597,6,0.75449216,0.015725004,-1.04,7669.0498859882355,0.010150029,697.91,0.9055788144469261,2523136,0.0,-0.03004374
3604,7,0.7053731,0.018800784,-1.12,7677.318041086197,0.008816178,687.77,0.8731043636798859,2527232,0.0,-0.031360857
3610,6,0.7160824,0.018839274,-1.11,7682.99998998642,0.009496084,688.69,0.8918593004345894,2531328,0.0,-0.032446053
3616,6,0.7191123,0.015769174,-1.07,7689.053479909897,0.010106334,690.06,0.9225563406944275,2535424,0.0,-0.02978373
3622,6,0.7270938,0.020073993,-1.09,7694.783941030502,0.009062455,689.1,0.8614378571510315,2539520,0.0,-0.027321775
3628,6,0.73547375,0.01955016,-1.12,7701.039993047714,0.010740803,689.09,0.8708024770021439,2543616,0.0,-0.0316221
3635,7,0.6745833,0.016452871,-1.14,7713.830432891846,0.008676444,684.42,0.9074240177869797,2547712,0.0,-0.029167293
3640,5,0.7083435,0.017314298,-1.17,7726.978479146957,0.009985777,683.79,0.901469424366951,2551808,0.0,-0.03055622
3646,6,0.6837822,0.02147184,-1.26,7740.268231868744,0.009808101,684.8,0.8840756267309189,2555904,0.0,-0.027692992
3652,6,0.7150479,0.020735478,-1.26,7750.655814170837,0.009991643,687.01,0.8894287273287773,2560000,0.0,-0.03119015
3658,6,0.6686223,0.017776756,-1.32,7759.614940166473,0.008185139,690.49,0.861125722527504,2564096,0.0,-0.029404942
3665,7,0.67241174,0.016804049,-1.47,7768.414186000824,0.007988199,682.01,0.9229511767625809,2568192,0.0,-0.0292908
3670,5,0.71483046,0.020988338,-1.51,7776.408018827438,0.008920362,678.01,0.875976912677288,2572288,0.0,-0.028559983
3676,6,0.7129927,0.01716901,-1.67,7781.942258834839,0.0105943205,676.98,0.888764999806881,2576384,0.0,-0.030896043
3682,6,0.68252057,0.022618512,-1.7,7787.558451890945,0.010002895,676.61,0.91062381118536,2580480,0.0,-0.02903881
3689,7,0.6706257,0.01401691,-1.7,7793.283288002014,0.009095221,670.15,0.9301226511597633,2584576,0.0,-0.029314307
3694,5,0.708442,0.016142236,-1.75,7801.267846107483,0.008931946,670.15,0.9182848259806633,2588672,0.0,-0.029706122
3701,7,0.7192055,0.01603478,-1.75,7807.391128063202,0.009368341,676.42,0.9142619147896767,2592768,0.0,-0.029877717
3707,6,0.6613027,0.02156871,-1.64,7813.788940906525,0.009683902,679.08,0.9002425670623779,2596864,0.0,-0.027927903
3712,5,0.66607034,0.022062615,-1.56,7912.646106004715,0.008717432,681.99,0.9089179784059525,2600960,0.0,-0.028557412
3718,6,0.6705121,0.019645382,-1.52,7919.915442943573,0.008985041,684.7,0.8912565186619759,2605056,0.0,-0.031396516
3724,6,0.6810653,0.023889393,-1.47,7927.31142282486,0.009678887,683.36,0.8773705661296844,2609152,0.0,-0.03005851
3730,6,0.6869602,0.016685512,-1.43,7934.0534818172455,0.010278018,680.99,0.9033009856939316,2613248,0.0,-0.030196782
3736,6,0.67989343,0.016302839,-1.34,7942.705088853836,0.00949067,684.26,0.9103399738669395,2617344,0.0,-0.03176729
3742,6,0.6798563,0.014964631,-1.25,7949.960315942764,0.009301188,683.59,0.9095286428928375,2621440,0.0,-0.030377947
3748,6,0.7051517,0.011859578,-1.29,7958.655833005905,0.0101480335,683.55,0.9161241501569748,2625536,0.0,-0.033078976
3755,7,0.66627455,0.016488299,-1.22,7967.092751979828,0.008261163,677.32,0.9257541969418526,2629632,0.0,-0.029186247
3761,6,0.7319593,0.019915396,-1.14,7977.452798843384,0.008647425,675.2,0.8717408031225204,2633728,0.0,-0.031845264
3767,6,0.67237693,0.017171312,-0.99,7983.82617688179,0.009384655,676.81,0.9077383130788803,2637824,0.0,-0.032640763
3772,5,0.67036813,0.017155526,-0.89,7989.826467990875,0.009876528,680.68,0.9089491069316864,2641920,0.0,-0.031721275
3779,7,0.6778744,0.01602323,-0.73,7995.680252790451,0.011261363,679.28,0.8974709808826447,2646016,0.0,-0.033351697
3784,5,0.673999,0.02078648,-0.5,8004.384150981903,0.010163829,683.32,0.9130580127239227,2650112,0.0,-0.029852698
3790,6,0.69500166,0.019146165,-0.58,8011.702555179596,0.010180714,687.56,0.9144616946578026,2654208,0.0,-0.030327724
3797,7,0.67530596,0.017407654,-0.41,8017.645311832428,0.009314074,685.14,0.9137398973107338,2658304,0.0,-0.030802453
3803,6,0.6671893,0.013945917,-0.46,8023.444966077805,0.008395998,682.94,0.9103628024458885,2662400,0.0,-0.030600779
3809,6,0.6787683,0.017651591,-0.45,8029.207384109497,0.008941279,684.56,0.8967935293912888,2666496,0.0,-0.032081388
3815,6,0.7234944,0.015613701,-0.6,8036.863787889481,0.009068465,676.11,0.9188088923692703,2670592,0.0,-0.031049844
3821,6,0.7198914,0.016601244,-0.58,8042.628113031387,0.00922302,675.36,0.920251652598381,2674688,0.0,-0.031914063
3827,6,0.6832666,0.028171299,-0.49,8050.6945378780365,0.009978376,676.54,0.8873373344540596,2678784,0.0,-0.032004394
3833,6,0.685757,0.016379593,-0.53,8057.4380469322205,0.010518763,674.56,0.8990432098507881,2682880,0.0,-0.031484712
3840,7,0.6760903,0.01872316,-0.56,8067.600812911987,0.009046143,669.06,0.9001049250364304,2686976,0.0,-0.03187074
3846,6,0.6761951,0.018814612,-0.54,8083.094385147095,0.009268124,668.91,0.8986165374517441,2691072,0.0,-0.031286567
3852,6,0.7056914,0.02104032,-0.74,8095.551677942276,0.009236489,670.48,0.8930146768689156,2695168,0.0,-0.0325526
3858,6,0.6787573,0.016575128,-0.66,8104.256951093674,0.008952431,674.47,0.8893970176577568,2699264,0.0,-0.028861903
3863,5,0.66957164,0.01697078,-0.67,8197.908936977386,0.0075237714,683.52,0.90781020373106,2703360,0.0,-0.030211616
3869,6,0.6850081,0.016993526,-0.67,8210.262308120728,0.00977789,678.49,0.9210192114114761,2707456,0.0,-0.030752357
3875,6,0.7112652,0.015891459,-0.74,8217.219636917114,0.008207896,679.5,0.9086211174726486,2711552,0.0,-0.03212185
3881,6,0.7095011,0.01654935,-0.91,8228.91500377655,0.009626753,683.57,0.9067870229482651,2715648,0.0,-0.0315804
3887,6,0.6597279,0.018902173,-0.88,8245.51488685608,0.008034133,681.2,0.8786682635545731,2719744,0.0,-0.030384524
3893,6,0.68747336,0.020240972,-1.0,8260.352006196976,0.008545064,679.31,0.8931761011481285,2723840,0.0,-0.033395566
3899,6,0.6971138,0.012708225,-0.94,8278.691644906998,0.009255297,681.06,0.9043508991599083,2727936,0.0,-0.03352678
3905,6,0.6920238,0.023990171,-0.96,8291.620657920837,0.010189741,679.97,0.8842988312244415,2732032,0.0,-0.033029296
3911,6,0.776461,0.019890469,-0.91,8302.434844970703,0.01113977,682.49,0.7985343486070633,2736128,0.0,-0.034967363
3917,6,0.71080184,0.015686538,-0.82,8311.698068857193,0.009625703,680.86,0.8764073327183723,2740224,0.0,-0.030995632
3923,6,0.74679214,0.014444248,-0.77,8318.304141998291,0.01058208,682.96,0.8733659386634827,2744320,0.0,-0.030548576
3929,6,0.72654617,0.018096745,-0.59,8324.152299880981,0.00989209,689.56,0.8563466668128967,2748416,0.0,-0.029663559
3935,6,0.71254194,0.017909762,-0.68,8337.831458091736,0.010192327,688.33,0.8954581692814827,2752512,0.0,-0.031060997
3941,6,0.72790575,0.014319263,-0.66,8348.342336893082,0.010015518,688.12,0.9103390350937843,2756608,0.0,-0.03383104
3947,6,0.72570986,0.013955035,-0.64,8355.726938962936,0.009306066,690.9,0.9130899906158447,2760704,0.0,-0.033010643
3953,6,0.7097289,0.022297729,-0.64,8361.328481912613,0.010466911,690.63,0.8799898251891136,2764800,0.0,-0.03125592
3959,6,0.72238594,0.01630097,-0.6,8366.80102610588,0.01135893,693.83,0.9054273217916489,2768896,0.0,-0.036077913
3966,7,0.7019157,0.014493473,-0.92,8372.635255098343,0.008590273,678.42,0.9070611149072647,2772992,0.0,-0.033163518
3973,7,0.7323684,0.015215901,-0.94,8379.12902188301,0.014128433,671.78,0.9316443428397179,2777088,0.0,-0.034147684
3978,5,0.72964513,0.014250474,-0.94,8387.287461996078,0.010464613,669.82,0.8984241336584091,2781184,0.0,-0.033905607
3985,7,0.692951,0.0152558815,-1.02,8393.924903869629,0.010158473,668.88,0.9199012443423271,2785280,0.0,-0.0331977
3991,6,0.71682227,0.015599583,-1.04,8407.911351919174,0.009809266,665.49,0.9126759320497513,2789376,0.0,-0.03415808
3997,6,0.7039155,0.0233122,-1.06,8422.26425909996,0.010427725,668.36,0.8782141357660294,2793472,0.0,-0.03376783
